PDB1,PDB2,Frag_seq,pdb_id_1,chain_1,pdb_id_2,chain_2,seq_1,seq_2
1ceeB,2k42A,IGAPSGFKHVSHVGWDPQNGFDVN,1cee,B,2k42,A,KKKISKADIGAPSGFKHVSHVGWDPQNGFDVNNLDPDLRSLFSRAGISEAQLTDAETSK,GHMSGFKHVSHVGWDPQNGFDVNNLDPDLRSLFSRAGISEAQLTDAETSKLIYDFIEDQGGLEAVRQEMRRQ
1g2cF,5tpnA,FYDPLVFPSDEFDASISQVNEKINQSLAFIRKSDELLHNVNAG,1g2c,F,5tpn,A,PLVFPSDEFDASISQVNEKINQSLAFIRKSDELLHN,NITEEFYQSTCSAVSKGYLSALRTGWYTSVITIELSNIKKIKCNGTDAKIKLIKQELDKYKNAVTELQLLMQSTPATNNSGRSLGFLLGVGSAIASGVAVSKVLHLEGEVNKIKSALLSTNKAVVSLSNGVSVLTSKVLDLKNYIDKQLLPIVNKQSCSIPNIETVIEFQQKNNRLLEITREFSVNAGVTTPVSTYMLTNSELLSLINDMPITNDQKKLMSNNVQIVRQQSYSIMSIIKEEVLAYVVQLPLYGVIDTPCWKLHTSPLCTTNTKEGSNICLTRTDRGWYCDNAGSVSFFPQAETCKVQSNRVFCDTMNSLTLPSEVNLCNVDIFNPKYDCKIMTSKTDVSSSVITSLGAIVSCYGKTKCTASNKNRGIIKTFSNGCDYVSNKGVDTVSVGNTLYYVNKQEGKSLYVKGEPIINFYDPLVFPSDQFDASISQVNEKINQSLAFIRKSDELLSAIGGYIPEAPRDGQAYVRKDGEWVLLSTFL
1h38D,1qlnA,INGTDNEVVTVTDENTGEIS,1h38,D,1qln,A,NTINIAKNDFSDIELAAIPFNTLADHYGERLAREQLALEHESYEMGEARFRKMFERQLKAGEVADNAAAKPLITTLLPKMIARINDWFEEVKAKRGKRPTAFQFLQEIKPEAVAYITIKTTLACLTSADNTTVQAVASAIGRAIEDEARFGRIRDLEAKHFKKNVEEQLNKRVGHVYKKAFMQVVEADMLSKGLLGGEAWSSWHKEDSIHVGVRCIEMLIESTGMVSLHRQNAGVVGQDSETIELAPEYAEAIATRAGALAGISPMFQPCVVPPKPWTGITGGGYWANGRRPLALVRTHSKKALMRYEDVYMPEVYKAINIAQNTAWKINKKVLAVANVITKWKHCPVEDIPAIEALTAWKRAAAAVYRKDKARKSRRISLEFMLEQANKFANHKAIWFPYNMDWRGRVYAVSMFNPQGNDMTKGLLTLAKGKPIGKEGYYWLKIHGANCAGVDKVPFPERIKFIEENHENIMACAKSPLENTWWAEQDSPFCFLAFCFEYAGVQHHGLSYNCSLPLAFDGSCSGIQHFSAMLRDEVGGRAVNLLPSETVQDIYGIVAKKVNEILQADAINGTDNEVVTVTDENTGEISEKVKLGTKALAGQWLAYGVTRSVTKRSVMTLAYGSKEFGFRQQVLEDTIQPAIDSGKGLMFTQPNQAAGYMAKLIWESVSVTVVAAVEAMNWLKSAAKLLAAEVKDKKTGEILRKRCAVHWVTPDGFPVWQEYKKPIQTRLNLMFLGQFRDSEIDAHKQESGIAPNFVHSQDGSHLRKTVVWAHEKYGIESFALIHDSFGTIPADAANLFKAVRETMVDTYESCDVLADFYDQFADQLHESQLDKMPALPAKGNLNLRDILESDFAFA,IAKNDFSDIELAAIPFNTLADHYGERLAREQLALEHESYEMGEARFRKMFPLITTLLPKMIARINDWFEEVKAKRGKRPTAFQFLQEIKPEAVAYITIKTTLACLTSADNTTVQAVASAIGRAIEDEARFGRIRDLEAKHFKKNVEEQLNKRVGHVYKKAFMQVVEADMLSKGLLGGEAWSSWHKEDSIHVGVRCIEMLIESTGMVSLHRQNAGVVGQDSETIELAPEYAEAIATRAGALAGISPMFQPCVVPPKPWTGITGGGYWANGRRPLALVRTHSKKALMRYEDVYMPEVYKAINIAQNTAWKINKKVLAVANVITKWKHCPVEDIPAIEREELPMKPEDIDMNPEALTAWKRAAAAVYRKDKARKSRRISLEFMLEQANKFANHKAIWFPYNMDWRGRVYAVSMFNPQGNDMTKGLLTLAKGKPIGKEGYYWLKIHGANCAGVDKVPFPERIKFIEENHENIMACAKSPLENTWWAEQDSPFCFLAFCFEYAGVQHHGLSYNCSLPLAFDGSCSGIQHFSAMLRDEVGGRAVNLLPSETVQDIYGIVAKKVNEILQADAINGTDNEVVTVTDENTGEISEKVKLGTKALAGQWLAYGVTRSVTKRSVMTLAYGSKEFGFRQQVLEDTIQPAIDSGKGLMFTQPNQAAGYMAKLIWESVSVTVVAAVEAMNWLKSAAKLLAAEVKDKKTGEILRKRCAVHWVTPDGFPVWQEYKKPIQTRLNLMFLGQFRLQPTINTNKDSEIDAHKQESGIAPNFVHSQDGSHLRKTVVWAHEKYGIESFALIHDSFGTIPADAANLFKAVRETMVDTYESCDVLADFYDQFADQLHESQLDKMPALPAKGNLNLRDILESDFAFA
1k0nA,1rk4B,KGVTFNVTTVDTKRRTETVQKLCPGGELPFLLYGTEVHTDTN,1k0n,A,1rk4,B,PQVELFVKAGSDGAKIGNCPFSQRLFMVLWLKGVTFNVTTVDTKRRTETVQKLCPGGELPFLLYGTEVHTDTNKIEEFLEAVLCPPRYPKLAALNPESNTAGLDIFAKFSAYIKNSNPALNDNLEKGLLKALKVLDNYLTSPLPEGVSQRKFLDGNELTLADCNLLPKLHIVQVVCKKYRGFTIPEAFRGVHRYLSNAYAREEFASTCPDDEEIELAYEQVAKALK,GNCPFSQRLFMVLWLKGVTFNVTTVDTKRRTETVQKLCPGGQLPFLLYGTEVHTDTNKIEEFLEAVLCPPRYPKLAALNPESNTAGLDIFAKFSAYIKNSNPALNDNLEKGLLKALKVLDNYLTSPLPEEVDGVSQRKFLDGNELTLADCNLLPKLHIVQVVCKKYRGFTIPEAFRGVHRYLSNAYAREEFASTCPDDEEIELAYE
1mnmC,1mnmD,DGLVFNVVTQDMINKSTKPY,1mnm,C,1mnm,D,GLVFNVVTQDMINKSTKPYRGHRFTKENVRILESWFAKNIENPYLDTKGLENLMKNTSLSRIQIKNWVSNRRRKEKT,GLVFNVVTQDMINKSTKPYRGHRFTKENVRILESWFAKNIENPYLDTKGLENLMKNTSLSRIQIKNWVSNRRRKEKT
1nqdA,1nqjB,GSPGIPGNEKLKEKENNDSSDKATVIPNFNTTM,1nqd,A,1nqj,B,EKLKEKENNDSSDKATVIPNFNTTMQGSLLGDDSRDYYSFEVKEEGEVNIELDKKDEFGVTWTLHPESDRITYGQVDGNKVSNKVKLRPGKYYLLVYKYSGSGNYELRVNK,NEKLKEKENNDSSDKATVIPNFNTTMQGSLLGDDSRDYYSFEVKEEGEVNIELDKKDEFGVTWTLHPESNINDRITYGQVDGNKVSNKVKLRPGKYYLLVYKYSGSGNYELRVNK
1ovaA,1jtiB,VHAAHAEINEAGREVVGSAEAGV,1ova,A,1jti,B,GSIGAASMEFCFDVFKELKVHHANENIFYCPIAIMSALAMVYLGAKDSTRTQINKVVRFDKLPGFGDIEAQCGTSVNVHSSLRDILNQITKPNDVYSFSLASRLYAEERYPILPEYLQCVKELYRGGLEPINFQTAADQARELINSWVESQTNGIIRNVLQPSSVDSQTAMVLVNAIVFKGLWEKAFKDEDTQAMPFRVTEQESKPVQMMYQIGLFRVASMASEKMKILELPFASGTMSMLVLLPDEVSGLEQLESIINFEKLTEWTSSNVMEERKIKVYLPRMKMEEKYNLTSVLMAMGITDVFSSSANLSGISSAESLKISQAVHAAHAEINEAGREVVGAEAGVDAASVSEEFRADHPFLFCIKHIATNAVLFFGRCVSP,GSIGAASMEFCFDVFKELKVHHANENIFYCPIAIMSALAMVYLGAKDSTRTQINKVVRFDKLPGFGDSIEAQCGTSVNVHSSLRDILNQITKNDVYSFSLASRLYAEERYPILPEYLQCVKELYRGGLEPINFQTAADQARELINSWVESQTNGIIRNVLQPSSVDSQTAMVLVNAIVFKGLWEKTFKDEDTQAMPFRVTEQESKPVQMMYQIGLFRVASMASEKMKILELPFASGTMSMLVLLPDEVSGLEQLESIINFEKLTEWTSSNVMEERKIKVYLPRMKMEEKYNLTSVLMAMGITDVFSSSANLSGISSAESLKISQAVHAAHAEINEAGTEVVGSAEAGVDAAEEFRADHPFLFCIKHIATNAVLFFGRCVSP
1qomB,1nocA,LVPPVSGSITPVFHQEMLNYVL,1qom,B,1noc,A,QYVRIKNWGSGEILHDTLHHKATSDFTCKSKSCLGSIMNPKSLTRGPRDKPTPLEELLPHAIEFINQYYGSFKEAKIEEHLARLEAVTKEIETTGTYQLTLDELIFATKMAWRNAPRCIGRIQWSNLQVFDARNCSTAQEMFQHICRHILYATNNGNIRSAITVFPQRSDGKHDFRLWNSQLIRYAGYQMPDGTIRGDAATLEFTQLCIDLGWKPRYGRFDVLPLVLQADGQDPEVFEIPPDLVLEVTMEHPKYEWFQELGLKWYALPAVANMLLEVGGLEFPACPFNGWYMGTEIGVRDFCDTQRYNILEEVGRRMGLETHTLASLWKDRAVTEINVAVLHSFQKQNVTIMDHHTASESFMKHMQNEYRARGGCPADWIWLVPPVSGSITPVFHQEMLNYVLSPFYYYQIEPWKTHIWQ,PKSLTRGPRDKPTPLEELLPHAIEFINQYYGSFKEAKIEEHLARLEAVTKEIETTGTYQLTLDELIFATKMAWRNAPRCIGRIQWSNLQVFDARNCSTAQEMFQHICRHILYATNNGNIRSAITVFPQRSDGKHDFRLWNSQLIRYAGYQMPDGTIRGDAATLEFTQLCIDLGWKPRYGRFDVLPLVLQADGQDPEVFEIPPDLVLEVTMEHPKYEWFQELGLKWYALPAVANMLLEVGGLEFPACPFNGWYMGTEIGVRDFCDTQRYNILEEVGRRMGLETHTLASLWKDRAVTEINVAVLHSFQKQNVTIMDHHTASESFMKHMQNEYRARLVPPVSGSITPVFHQEMLNYVLSPFYYYQIEPWKTHIWQ
1qs8B,1miqB,LGSENDVIELDDVANIMFYGEGEVGDNHQKFM,1qs8,B,1miq,B,GSENDVIELDDVANIMFYGEGEVGDNHQKFMLIFDTGSANLWVPSKKCNSSGCSIKNLYDSSKSKSYEKDGTKVDITYGSGTVKGFFSKDLVTLGHLSMPYKFIEVIDTDDLEPIYSSVEFDGILGLGWKDLSIGSIDPIVVELKNQNKIDNALFTFYLPVHDVHAGYLTIGGIEEKFYEGNITYEKLNHDLYWQIDLDVHFGKQTMEKANVIVDSGTTTITAPSEFLNKFFANLNVIKVPFLPFYVTTCDNKEMPTLEFKSANNTYTLEPEYYMNPILEVDDTLCMITMLPVDIDSNTFILGDPFMRKYFTVFDYDKESVGFAIAKN,TEHLTLAFKIERPYDKVLKTISKKNLKNYIKETFNFFKSGYMKQNYLGSENDVIELDDVANIMFYGEGEVGDNHQKFMLIFDTGSANLWVPSKKCNSSGCSIKNLYDSSKSKSYEKDGTKVDITYGSGTVKGFFSKDLVTLGHLSMPYKFIEVTDTDDLEPIYSSVEFDGILGLGWKDLSIGSIDPIVVELKNQNKIDNALFTFYLPVHDVHAGYLTIGGIEEKFYEGNITYEKLNHDLYWQIDLDVHFGKQTMEKANVIVDSGTTTITAPSEFLNKFFANLNVIKVPFLPFYVTTCDNKEMPTLEFKSANNTYTLEPEYYMNPILEVDDTLCMITMLPVDIDSNTFILGDPFMRKYFTVFDYDKESVGFAIAKN
1repC,2z9oB,FFIGLQNRFTQFRLSETKEI,1rep,C,2z9o,B,SPRIVQSNDLTEAAYSLSRDQKRMLYLFVDQIRKSHDGICEIHVAKYAEIFGLTSAEASKDIRQALKSFAGKEVVFYESFPWFIKPAHSPSRGLYSVHINPYLIPFFIGLQNRFTQFRLSETKEITNPYAMRLYESLCQYRKPDGSGIVSLKIDWIIERYQLPQSYQRMPDFRRRFLQVCVNEINSRTPMRLSYIEKKKGRQTTHIVFSFRDIT,QSNDLTEAAYSLSRDQKRMLYLFVDQIDGICEIHVAKYAEIFGLTSAEASKDIRQALKSFAGKEVVFYRPEEDAGDEKGYESFPWFIKRAHSPSRGLYSVHINPYLIPFFIGLQNRFTQFRLSETKEITNPYAMRLYESLCQYRKPDGSGIVSLKIDWIIERYQLPQSYQRMPDFRRRFLQVCVNEINSRTPMRLSYIEKKKGRQTTHIVFSFRDITS
1rkpA,2h44A,DHRGVNNSYIQRSEHPLAQLYC,1rkp,A,2h44,A,EETRELQSLAAAVVPSAQTLKITDFSFSDFELSDLETALCTIRMFTDLNLVQNFQMKHEVLCRWILSVKKNYRKNVAYHNWRHAFNTAQCMFAALKAGKIQNKLTDLEILALLIAALSHDLDHRGVNNSYIQRSEHPLAQLYCHSIMEHHHFDQCLMILNSPGNQILSGLSIEEYKTTLKIIKQAILATDLALYIKRRGEFFELIRKNQFNLEDPHQKELFLAMLMTACDLSAITKPWPIQQRLAELVATEFFDQGDREKKNKIPSMQVGFIDAICLQLYEALTHVSEDCFPLLDGCRKNRQKWQALAEQQ,EETRELQSLAAAVVPSAQTLKITDFSFSDFELSDLETALCTIRMFTDLNLVQNFQMKHEVLCRWILSVKKNYRKNVAYHNWRHAFNTAQCMFAALKAGKIQNKLTDLEILALLIAALSHDLDHRGVNNSYIQRSEHPLAQLYCHSIMEHHHFDQCLMILNSPGNQILSGLSIEEYKTTLKIIKQAILATDLALYIKRRGEFFELIRKNQFNLEDPHQKELFLAMLMTACDLSAITKPWPIQQRIAELVATEFFDQGDRERKELNIEPTDLMNREKKNKIPSMQVGFIDAICLQLYEALTHVSEDCFPLLDGCRKNRQKWQALAEQQ
1uxmK,2namA,ATKVVCVLKGDGPVQGIINFEQKESNGPVKVWGSIKGLTEGLHGFHVHEFGDNTAGCTSAGPHFNPLSRKHGGPKDEERHVGDLGNVTADKDGVADVSIEDSVISLSGDHCIIGRTLVVHEKADDLGKGGNEESTKTGNAGSRLACGVIGIAQ,1uxm,K,2nam,A,ATKVVCVLKGDGPVQGIINFEQKESNGPVKVWGSIKGLTEGLHGFHVHEFGDNTAGCTSAGPHFNPLSRKHGGPKDEERHVGDLGNVTADKDGVADVSIEDSVISLSGDHCIIGRTLVVHEKADDLGKGGNEESTKTGNAGSRLACGVIGIAQ,ATKAVCVLKGDGPVQGIINFEQKESNGPVKVWGSIKGLTEGLHGFHVHEFGDNTAGCTSAGPHFNPLSRKHGGPKDEERHVGDLGNVTADKDGVADVSIEDSVISLSGDHCIIGRTLVVHEKADDLGKGGNEESTKTGNAGSRLACGVIGIAQ
1wyyB,5wrgC,VQIDRLITGGRGGSDVDLGDISGINASVVNIQKEIDRLNEVAKNLNESLIDLQELGKY,1wyy,B,5wrg,C,GVTQNVLYENQKQIANQFNKAISQIQESLTTTSTALGKLQDVVNQNAQALNTLVKQLSSNFGAISSVLNDILSRLDKVEAEVLGDISGINASVVNIQKEIDRLNEVAKNLNESLIDLQELGKYE,TFMLKYDENGTITDAVDCSQNPLAELKCSVKSFEIDKGIYQTSNFRVVPSGDVVRFPNITNLCPFGEVFNATKFPSVYAWERKKISNCVADYSVLYNSTFFSTFKCYGVSATKLNDLCFSNVYADSFVVKGDDVRQIAPGQTGVIADYNYKLPDDFMGCVLAWNTRNIDATSTGNYNYKYRYLRHGKLRPFERDISNVPFSPDGKPCTPPALNCYWPLNDYGFYTTTGIGYQPYRVVVLSFELLNPKLSTDLIKNQCVNFNFNGLTGTGVLTPSSKRFQPFQQFGRDVSDFTDSVRDPKTSEILDISPCSFGGVSVITPGTNASSEVAVLYQDVNCTDVSTAIHADQLTPAWRIYSTGNNVFQTQAGCLIGAEHVDTSYECDIPIGAGICASYVAYTMSLGADSSIAYSNNTIAIPTNFSISITTEVMPVSMAKTSVDCNMYICGDSTECANLLLQYGSFCTQLNRALSGIAAEQDRNTREVFAQVKQMYKTPTLKYFGGFNFSQILPDPLKPTKRSFIEDLLFNKVTLKFNGLTVLPPLLTDDMIAAYTAALVSGPFAMQMAYRFNGIGVTQNVLYENQKQIANQFNKAISQIQESLTTTSTALGKLQDVVNQNAQALNTLVKQLSSNFGAISSVLNDILSRLDKVEAEVQIDRLITGRLQSLQTYVTQQLIRAAEIRASANLAATKMSECVLGQSKRVDFCGKGYHLMSFPQAAPHGVVFLHVTYVPSQERNFT
1x0gA,1x0gD,ERLQTHGVRRGQAAILRIQVQPSECGDWRYDLALVAEPKPTDLLTQSQGWTIAIAAEAAELLRGLRVDYIEDLMGGAFRFHNPNASQTCGCGMAFRVS,1x0g,A,1x0g,D,MVELTPAAIQELERLQILRIQVQPSECGDWRYDLALVAEPKPTDLLTQSQGWTIAIAAEAAELLRGLRVDYIEDLMGGAFRFHNPNASQTCGCGMAFRVSRS,MVELTPAAIQELERLQTHAAILRIQVQPSECGDWRYDLALVAEPKPTDLLTQSQGWTIAIAAEAAELLRGLRVDYIEDLMGGAFRFHNPNASQTCGCGMAFRVS
1xjtA,1xjuB,GNAEGCRRDPYXCPAGVWTDGIGNTHGVTPG,1xjt,A,1xju,B,GGAICAIAVITIVGNGNVRTNQAGLELIGNAEGCRRDPYCPAGVWTDGIGNTHGVTPGVRKTDQQIAADWEKNILIAERCINQHFRGKDPDNAFSATSAAFNGCNSLRTYYSKARGRVETSIHKWAQKGEWVNCNHLPDFVNSNGVPLRGLKIRREKERQLCLTGLVNEH,RTNQAGLELIGNAEGCRRDPYMCPAGVWTDGIGGVTPGVRKTDQQIAADWEKNILIAERCINQHFRGKDMPDNAFSAMTSAAFNMGCNSLRTYYSKARGMRVETSIHKWAQKGEWVNMCNHLPDFVNSNGVPLRGLKIRREKERQLCLTGLVNEH
1xntA,3lqcA,STHCAENLLKADTYRKWRAAKAG,1xnt,A,3lqc,A,MPEIRLRHVVSCSSQDSTHCAENLLKADTYRKWRAAKAGEKTISVVLQLEKEEQIHSVDIGNDGSAFVEVLVGSSAGGAGEQDYEVLLVTSSFMSPSESRSGSNPNRVRMFGPDKLVRAAAEKRWDRVKIVCSQPYSKDSPFGLSFVRFHS,PEIRLRHVVSCSSQDSTHCAENLLKADTYRKWRAAKAGEKTISVVLQLEKEEQIHSVDIGNDGSAFVEVLVGSSAGGAGEQDYEVLLVTSSFMSPSESRSGSNPNRVRMFGPDKLVRAAAEKRWDRVKIVCSQPYSKDSPFGLSFVRFHSP
2a73B,3l5nB,NLEESCTRFYHPEKEDGKLNKLCRDELCRCAEENCFI,2a73,B,3l5n,B,VQLTEKRMDKVGKYPKELRKCCEDGMRENPMRFSCQRRTRFISLGEACKKVFLDCCNYITELRRQHARALDEDIIAEENIVSRSEFPESWLWNVEDLKEPPKNGISTKLMNIFLKDSITTWEILAVSMSDKKGICVADPFEVTVMQDFFIDLRLPYSVVRNEQVEIRAVLYNYRQNQELKVRVELLHNPAFCSLATTKRRHQQTVTIPPKSSLSVPYVIVPLKTGLQEVEVKAAVYHHFISDGVRKSLKVVPEGIRMNKTVAVRTLDPERLGREGVQKEDIPPADLSDQVPDTESETRILLQGTPVAQMTEDAVDAERLKHLIVTPSGCGEQNMIGMTPTVIAVHYLDETEQWEKFGLEKRQGALELIKKGYTQQLAFRQPSSAFAAFVKRAPSTWLTAYVVKVFSLAVNLIAIDSQVLCGAVKWLILEKQKPDGVFQEDAPVIHQENNNEKDMALTAFVLISLQEAKDICEEQVNSLPGSITKAGDFLEANYMNLQRSYTVAIAGYALAQMGRLKGPLLNKFLTTAKDKNRWEDPGKQLYNVEATSYALLALLQLKDFDFVPPVVRWLNEQRYYGGGYGSTQATFMVFQALAQYQKDAPDHQELNLDVSLQLPSRSSKITHRIHWESASLLRSEETKENEGFTVTAEGKGQGTLSVVTMYHAKAKDQLTCNKFDLKVTIKPAPETEKRPQDAKNTMILEICTRYRGDQDATMSILDISMMTGFAPDTDDLKQLANGVDRYISKYELDKAFSDRNTLIIYLDKVSHSEDDCLAFKVHQYFNVELIQPGAVKVYAYYNLEESCTRFYHPEKEDGKLNKLCRDELCRCAEENCFIQKSDDKVTLEERLDKACEPGVDYVYKTRLVKVQLSNDFDEYIMAIEQTIKSGSDEVQVGQQRTFISPIKCREALKLEEKKHYLMWGLSSDFWGEKPNLSYIIGKDTWVEHWPEEDECQDEENQKQCQDLGAFTESMVVFGCPN,LDEDIIAEENIVSRSEFPESWLWNVEDLKEPPKNGISTKLMNIFLKDSITTWEILAVSMSDKKGICVADPFEVTVMQDFFIDLRLPYSVVRNEQVEIRAVLYNYRQNQELKVRVELLHNPAFCSLATTKRRHQQTVTIPPKSSLSVPYVIVPLKTGLQEVEVKAAVYHHFISDGVRKSLKVVPEGIRMNKTVAVRTLDPERLGREGVQKEDIPPADLSDQVPDTESETRILLQGTPVAQMTEDAVDAERLKHLIVTPSGCGEQNMIGMTPTVIAVHYLDETEQWEKFGLEKRQGALELIKKGYTQQLAFRQPSAFVKRAPSTWLTAYVVKVFSLAVNLIAIDSQVLCGAVKWLILEKQKPDGVFQEDAPVIHQEMIGGLRNNNEKDMALTAFVLISLQEAKDICEEQVNSLPGSITKAGDFLEANYMNLQRSYTVAIAGYALAQMGRLKGPLLNKFLTTAKDKNRWEDPGKQLYNVEATSYALLALLQLKDFDFVPPVVRWLNEQRYYGGGYGSTQATFMVFQALAQYQKDAPDHQELNLDVSLQLPSRSSKITHRIHWESASLLRSEETKENEGFTVTAEGKGQGTLSVVTMYHALTCNKFDLKVTIKPANTMILEICTRYRGDQDATMSILDISMMTGFAPDTDDLKQLANGVDRYISKYELDKAFSDRNTLIIYLDKVSHSEDDCLAFKVHQYFNVELIQPGAVKVYAYYNLEESCTRFYHPEKEDGKLNKLCRDELCRCAEENCFISDDKVTLEERLDKACEPGVDYVYKTRLVKVQLSNDFDEYIMAIEQTIKSGSDEVQVGQQRTFISPIKCREALKLEEKKHYLMWGLSSDFWGEKPNLSYIIGKDTWVEHWPEEDECQDEENQKQCQDLGAFTESMVVFGCPN
2axzA,2grmB,KEVTXYYENYVAIENNPIPEIK,2axz,A,2grm,B,FKIGSVLKQIRQELNYHQIDLYSGISKSVYIKVEADSRPISVEELSKFSERLGVNFFEILNRAGNTKSVNETGKEKLLISKIFTNPDLFDKNFQRIEPKRLTSLQYFSIYLGYISIAHHYNIEVPTFNKTITSDLKHLYDKRTTFFGIDYEIVSNLLNVLPYEEVSSIIKPYPIVDSFGKDYDLTIQTVLKNALTISINRNLKEAQYYINQFEHLKTIKNISINGYYDLEINYLKQIYQFLTDKNIDSYLNAVNIINIFKIIGKEDIHRSLVEELTKISAKEKFTPPKEVTYYENYVAIE,MFKIGSVLKQIRQELNYHQIDLYSGIMSKSVYIKVEADSRPISVEELSKFSERLGVNFFEILNRAGMNTKSVNETGKEKLLISKIFTNPDLFDKNFQRIEPKRLTSLQYFSIYLGYISIAHHYNIEVPTFNKTITSDLKHLYDKRTTFFGIDYEIVSNLLNVLPYEEVSSIIKPMYPIVDSFGKDYDLTIQTVLKNALTISIMNRNLKEAQYYINQFEHLKTIKNISINGCYDLEINYLKQIYQFLTDKNIDSYLNAVNIINIFKIIGKEDIHRSLVEELTKISAKEKFTPPKEVTMYYENYVAIENNPIPEIKE
2c1uC,2c1vB,GQDYHPFGLIAKPGAEVLPAGDTGRFEVTRTTDDEYVFR,2c1u,C,2c1v,B,AIDNGALREEAKGVFEAIPEKMTAIKQPEGVPLTAEKIELGKVLFFDPRMSSSGLISCQTCHNVGLGGVDGLPTSIGHGWQKGPRNAPTMLNAIFNAAQFWDGRAADLAEQAKGPVQAGVSNTPDQVVKTINSMPEYVEAFKAAFPEEADPVTFDNFAAAIEQFEATLITPNSAFDRFLAGDDAAMTDQEKRGLQAFMETGCTACHYGVNFGGQDYHPFGLIAKPGAEVLPAGDTGRFEVTRTTDDEYVFRAAPLRNVALTAPYFHSGVVWELAEAVKIMSSAQIGTELTDQQAEDITAFLGTLTGEQPVIDHPILPVRTGTTPLPTPM,AIDNGALREEAKGVFEAIPEKMTAIKQTEDNPEGVPLTAEKIELGKVLFFDPRMSSSGLISCQTCHNVGLGGVDGLPTSIGHGWQKGPRNAPTMLNAIFNAAQFWDGRAADLAEQAKGPVQAGVEMSNTPDQVVKTINSMPEYVEAFKAAFPEEADPVTFDNFAAAIEQFEATLITPNSAFDRFLAGDDAAMTDQEKRGLQAFMETGCTACHYGVNFGGQDYHPFGLIAKPGAEVLPAGDTGRFEVTRTTDDEYVFRAAPLRNVALTAPYFHSGVVWELAEAVKIMSSAQIGTELTDQQAEDITAFLGTLTGEQPVIDHPILPVRTGTTPLPTPM
2ce7C,3kdsG,IIPRGYKALGYTLHLPEEDK,2ce7,C,3kds,G,YKPSGNKRVTFKDVGGAEEAIEELKEVVEFLKDPSKFNRIGARMPKGILLVGPPGTGKTLLARAVAGEANVPFFHISGSDFVELFVGVGAARVRDLFAQAKAHAPCIVFIDEIDAVGREQTLNQLLVEMDGFDSKEGIIVMAATNRPDILDPALLRPGRFDKKIVVDPPDMLGRKKILEIHTRNKPLAEDVNLEIIAKRTPGFVGADLENLVNEAALLAAREGRDKITMKDFEEAIDRVILISPAEKRIIAYHEAGHAVVSTVVPNGEPVHRISIIPRGYKALGYTLHLPEEDKYLVSRNELLDKLTALLGGRAAEEVVFGDVTSGAANDIERATEIARNMVCQLGMSEELGPLAWGRNYSEEVASKIDEEVKKIVTNCYERAKEIIRKYRKQLDNIVEILLEKETIEGDELRRILSEEFE,KRVTFKDVGGAEEAIEELKEVVEFLKDPSKFNRIGARMPKGILLVGPPGTGATLLARAVAGEANVPFFHISGSDFVELFVGVGAARVRDLFAQAKAHAPCIVFIDEIDAVGRHDEREQTLNQLLVEMDGFDSKEGIIVMAATNRPDILDPALLRPGRFDKKIVVDPPDMLGRKKILEIHTRNKPLAEDVNLEIIAKRTPGFVGADLENLVNEAALLAAREGRDKITMKDFEEAIDRVIAGPARKSLLISPAEKRIIAYHEAGHAVVSTVVPNGEPVHRISIIPRGYKALGYTLHLPEEDKYLVSRNELLDKLTALLGGRAAEEVVFGDVTSGAANDIERATEIARNMVCQLGMSEELGPLAWGKLRNYSEEVASKIDEEVKKIVTNCYERAKEIIRKYRKQLDNIVEILLEKETIEGDELRRILSE
2gedB,1nrjB,SVRP--TADYDGSGVTLVDFPGHVKLR,2ged,B,1nrj,B,FKFANLEASVVAFEGSINKRKISQWREWIDEKLYQPSIIIAGPQNSGKTSLLTLLTADYDGSGVTLVDFPGHVKLRYKLSDYLKTRAKFVKGLIFMVDSTVDPKKLTTTAEFLVDILSITESSCENGIDILIACNKSELFTARPPSKIKDALESEIQKVIERR,SYQPSIIIAGPQNSGKTSLLTLLTTDSVRPTVVSQEPLSAADYDGSGVTLVDFPGHVKLRYKLSDYLKTRAKFVKGLIFMVDSTVDPKKLTTTAEFLVDILSITESSCENGIDILIACNKSELFTARPPSKIKDALESEIQKVIERRKKSLNELDVLGFKFANLEASVVAFEGSINKRKISQWREWIDEKL
2hdmA,2n54B,DPQATWVRDCVRSMDRKSNTRN,2hdm,A,2n54,B,GSEVSDKRTCVSLTTQRLPCSRIKTYTITEGSLRAVIFITKRGLKVCADPQATWVRDCVRSMDRKSNTRNNMIQ,VGSEVSDKRTCVSLTTQRLPVSRIKTYTITEGSLRCVIFITKRGLKVCCDPQATWVRDVVRSMDRK
2k0qA,2lelA,GTKIIMKGNEIFRLDEALRKGHS,2k0q,A,2lel,A,VDMSNVVKTYDLQDGSKVHVFKDGKMGMENKFGKSMNMPEGKVMETRDGTKIIMKGNEIFRLDEALRKGHSEGG,VDMSNVVKTYDLQDGSKVHVFKDGKMGMENKFGKSMNMPEGKVMETRDGTKIIMKGNEIFRLDEALRKGHSEGG
2lejA,2lv1A,KHMAGAAAAGAVVGGLGGYM,2lej,A,2lv1,A,GAMDPGQGGGTHSQWNKPSKPKTNMKHMAGAAAAGAVVGGLGGYMLGSAMSRPIIHFGSDYEDRYYRENMHRYPNQVYYRPMDEYSNQNNFVHDCVNITIKQHTVTTTTKGENFTETDVKMMERVIEQMCITQYERESQAYYQRGSS,GAMDPGQGGGTHSQWNKPSKPKTNMKHMAGAAAAGAVVGGLGGYMLGSAMSRPIIHFGSDYEDRYYRENMHRYPNQVYYRPMDEYSNQNNFVHDCVNITIKQHTVTTTTKGENFTETDVKMMERVIEQMCITQYERESQAYYQRGSS
2lqwA,2bzyB,PVFAKAIQKRVPCAYDKTALALEVGDIVKVTRMNINGQWEGEVNGRKGLFPFTHVKIFDPQNPDENE,2lqw,A,2bzy,B,MSSARFDSSDRSAWYMGPVSRQEAQTRLQGQRHGMFLVRDSSTCPGDYVLSVSENSRVSHYIINSLPNRRFKIGDQEFDHLPALLEFYKIHYLDTTTLIEPAPRYPSPPMGSVSAPNLPTAEDNLEYVRTLYDFPGNDAEDLPFKKGEILVIIEKPEEQWWSARNKDGRVGMIPVPYVEKLVRSSPHGKHGNRNSNSYGIPEPAHAAQPQTTTPLPAVSGSPGAAITPLPSTQNGPVFAKAIQKRVPCAYDKTALALEVGDIVKVTRMNINGQWEGEVNGRKGLFPFTHVKIFDPQNPDENE,PVFAKAIQKRVPCAYDKTALALEVGDIVKVTRMNINGQWEGEVNGRKGLFPFTHVKIFDPQNP
2n0aD,2kkwA,EGVLYVGSKTKEGVVHGVATV,2n0a,D,2kkw,A,MDVFMKGLSKAKEGVVAAAEKTKQGVAEAAGKTKEGVLYVGSKTKEGVVHGVATVAEKTKEQVTNVGGAVVTGVTAVAQKTVEGAGSIAAATGFVKKDQLGKNEEGAPQEGILEDMPVDPDNEAYEMPSEEGYQDYEPEA,MDVFMKGLSKAKEGVVAAAEKTKQGVAEAAGKTKEGVLYVGSKTKEGVVHGVATVAEKTKEQVTNVGGAVVTGVTAVAQKTVEGAGSIAAATGFVKKDQLGKNEEGAPQEGILEDMPVDPDNEAYEMPSEEGYQDYEPEA
2naoF,1iytA,DSGYEVHHQKLVFFAEDVGS,2nao,F,1iyt,A,DAEFRHDSGYEVHHQKLVFFAEDVGSNKGAIIGLMVGGVVIA,DAEFRHDSGYEVHHQKLVFFAEDVGSNKGAIIGLMVGGVVIA
2nntA,2mwfA,GATAVSEWTEYKTADGKTFYYNNRTLESTWEKPQELK,2nnt,A,2mwf,A,MGATAVSEWTEYKTADGKTFYYNNRTLESTW,SEWTERKTADGKTYYYNNRTLESTWEKPQELK
2nxqB,1jfkA,ADGNGEIDQNEFAKFYGSIQGQDLSDDKIGLKVLYKLMDVDGDGKLTKEEVTSFFKKHGIEKVAEQVMKADANGDGYITLEEFLEFS,2nxq,B,1jfk,A,AEALFKEIDVNGDGAVSYEEVKAFVSKKRAIKNEQLLQLIFKSIDADGNGEIDQNEFAKFYGSI,MAEALFKEIDVNGDGAVSYEEVKAFVSKKRAIKNEQLLQLIFKSIDADGNGEIDQNEFAKFYGSIQGQDLSDDKIGLKVLYKLMDVDGDGKLTKEEVTSFFKKHGIEKVAEQVMKADANGDGYITLEEFLEFSL
2ougC,2lclA,AFEGFQAIFTEPDGEARSMLLLNLINKEIKHSVKNTEFRKL,2oug,C,2lcl,A,QSWYLLYCKRGQLQRAQEHLERQAVNCLAPMITLEKIVRGKRTAVSEPLFPNYLFVEFDPEVIHTTTINATRGVSHFVRFGASPAIVPSAVIHQLSVYKKVIITEGAFEGFQAIFTEPDGEARSMLLLNLINKEIKHSVKN,GAMGPKDIVDPATPYPGDKVIITEGAFEGFQAIFTEPDGEARSMLLLNLINKEIKHSVKNTEFRKL
2p3vA,2p3vD,WGRVDNVEKKTGFKDIVTEI,2p3v,A,2p3v,D,MDRLDFSIKLLRKVGHLLMIHWGRVDNVEKKTGFKDIVTEIDREAQRMIVDEIRKFFPDENIMAEEGIFEKGDRLWIIDPIDGTINFVHGLPNFSISLAYVENGEVKLGVVHAPALNETLYAEEGSGAFFNGERIRVSENASLEECVGSTGSYVDFTGKFIERMEKRTRRIRILGSAALNAAYVGAGRVDFFVTWRINPWDIAAGLIIVKEAGGMVTDFSGKEANAFSKNFIFSNGLIHDEVVKVVNEVVEEIG,MDRLDFSIKLLRKVGHLLMIHWGRVDNVEKKTGFKDIVTEIDREAQRMIVDEIRKFFPDENIMAEEGIFEKGDRLWIIDPIDGTINFVHGLPNFSISLAYVENGEVKLGVVHAPALNETLYAEEGSGAFFNGERIRVSENASLEECVGSTGSYVDFTGKFIERMEKRTRRIRILGSAALNAAYVGAGRVDFFVTWRINPWDIAAGLIIVKEAGGMVTDFSGKEANAFSKNFIFSNGLIHDEVVKVVNEVVEEIG
2qkeE,5jytA,LAKVLPPPVRRIIGDLSNREKVLIGLDLLYEEIGD,2qke,E,5jyt,A,RKTYVLKLYVAGNTPNSVRALKTLNNILEKEFKGVYALKVIDVLKNPQLAEEDKILATPTLAKVLPPPVRRIIGDLSNREKVLIGLDLLYEEIGDQAEDDLGLE,MAPLRKTAVLKLYVAGNTPNSVRALKTLANILEKEFKGVYALKVIDVLKNPQLAEEDKILATPTLAKVLPPPVRRIIGDLSNREKVLIALRLLAEEIGDYKDDDDK
3ejhA,3m7pA,DQCIVDDITYNVQDTFHKKHEEG,3ejh,A,3m7p,A,DQCIVDDITYNVQDTFHKKHEEGHMLNCTCFGQGRGRWKCDPVDQCQDSETGTFYQIGDSWEKYVHGVRYQCYCYGRGIGEWHCQPLQTYP,QPHPQPPPYGHCVTDSGVVYSVGMQWLKTQGNKQMLCTCLGNGVSCQETAVTQTYGGNSNGEPCVLPFTYNGRTFYSCTTEGRQDGHLWCSTTSNYEQDQKYSFCTDHTVLVQTRGGNSNGALCHFPFLYNNHNYTDCTSEGRRDNMKWCGTTQNYDADQKFGFCPMAAHEEICTTNEGVMYRIGDQWDKQHDMGHMMRCTCVGNGRGEWTCIAYSQLRDQCIVDDITYNVNDTFHKRHEEGHMLNCTCWKCDPVDQCQDSETGTFYQIGDSWEKYVHGVRYQCYCYGRGIGEWHCQPLQT
3ewsB,3g0hA,LVDNTNQVEVLQRDPNSPLY,3ews,B,3g0h,A,EDRAAQSLLNKLIRSNLVDNTNQVEVLQRDYSVKSFEELRLKPQLLQGVYAMGFNRPSKIQENALPLMLPPQNLIAQSQSGTGKTAAFVLAMLSQVEPANKYPQCLCLSPTYELALQTGKVIEQMGKFYPELKLAYAVRGNKLERGQKISEQIVIGTPGTVLDWCSKFIDPKKIKVFVLDEADVMIATQGHQDQSIRIQRMLPRNCQMLLFSATFEDSVWKFAQKVVPDPNVIKLKREEETLDTIKQYYVLCSSRDEKFQALCNLYGAITIAQAMIFCHTRKTASWLAAELSKEGHQVALLSGEMMVEQRAAVIERFREGKEKVLVTTNVCARGIDVEQVSVVINFDLPVDKDGNPDNETYLHRIGRGKRGLAVNMVDSKHSMNILNRIQEHFNKKIERLDTDDL,SLLNKLIRSNLVDNTNQVEVLQRDPNSPLYSVKSFEELRLKPQLLQGVYAMGFNRPSKIQENALPLMLAEPPQNLIAQSQSGTGKTAAFVLAMLSQVEPANKYPQCLCLSPTYELALQTGKVIEQMGKFYPELKLAYAVRGNKLERGQKISEQIVIGTPGTVLDWCSKLKFIDPKKIKVFVLDEADVMIATQGHQDQSIRIQRMLPRNCQMLLFSATFEDSVWKFAQKVVPDPNVIKLKREEETLDTIKQYYVLCSSRDEKFQALCNLYGAITIAQAMIFCHTRKTASWLAAELSKEGHQVALLSGEMMVEQRAAVIERFREGKEKVLVTTNVCARGIDVEQVSVVINFDLPVDKDGNPDNETYLHRIGRTGRFGKRGLAVNMVDSKHSMNILNRIQEHFNKKIERLD
3gmhL,2vfxL,EKWEESGPQFITNSEEVRLRSFTTTIHKVNSMVAYKIP,3gmh,L,2vfx,L,GSITLRGSAEIVAEFFSFGINSILYQRGIYPSETFTRVQKYGLTLLVTTDLELIKYLNNVVEQLKDWLYKCSVQKLVVVISNIESGEVLERWQFDIECDKTAKSQKAIQDEIRSVIRQITATVTFLPLLEVSCSFDLLIYTDKDLVVPEKWEESGPQFITNSEEVRLRSFTTTIHKVNSMVAYKIPV,GMALQLSREQGITARGSAEIVAEFFSFGINSILYQRGIYPSETFTRVQKYGLTLLVTTDLELIKYLNNVVEQLKDWLYKSSVQKLVVVISNIESGEVLERWQFDIESDKTAKAPREKSQKAIQDEIRSVIRQITATVTFLPLLEVSCSFDLLIYTDKDLVVPEKWEESGPQFITNSEEVRLRSFTTTIHKVNSMVAYKIPVND
3hdeA,3hdfA,GACDQLRRWTYAGGKQWKGL,3hde,A,3hdf,A,MPPSLRKAVAAAIGGGAIAIASVLITGPSGNDGLEGVSYIPYKDIVGVWTVCHGHTGKDIMLGKTYTKAECKALLNKDLATVARQINPYIKVDIPETMRGALYSFVYNVGAGNFRTSTLLRKINQGDIKGACDQLRRWTYAGGKQWKGLMTRREIEREICLWGQQ,DGLEGVSYIPYKDIVGVWTVCHGHTGKDIMLGKTYTKAECKALLNKDLATVARQINPYIKVDIPETMRGALYSFVYNVGAGNFRTSTLLRKINQGDIKGACDQLRRWTYAGGKQWKGLMTRREIEREICLWGQ
3ifaA,5et5A,PFETDMLTLTRYVMEKGRQA,3ifa,A,5et5,A,TDMLTLTRYVMEKGRQAKGTGELTQLLNSMLTAIKAISSAVRKAGLAHLYGIAGSVNVDQVKKLDVLSNSLVINMLQSSYSTCVLVSEENKDAIITAKEKRGKYVVCFDPLDGSSNIDCLASIGTIFAIYRKTSDEPSEKDALQCGRNIVAAGYALYGSATLVALSTGQGVDLFMLDPALGEFVLVEKDVKIKKKGKIYSLNEGYAKYFDAATTEYVQKKKFPEDGSAPYGARYVGSMVADVHRTLVYGGIFLYPANQKSPKGKLRLLYECNPVAYIIEQAGGLATTGTQPVLDVKPEAIHQRVPLILGSPEDVQEYLTCVQKNQA,TDMLTLTRYVMEELTQLLNSMLTAIKAISSAVRKAVKKLDVLSNSLVINMLQSSYSTCVLVSEENKDAIITAKEKRGKYVVCFDPLDGSIGTIFAIYRSEKDALQCGRNIVAAGYALYGSATLVALSTGQGVDLFMLDPALGEFVLVEKDVKIKKKGKIYSLNEGYAKYFDAATTEYVQKKKFPEDGSAPYGARYVGSMVADVHRTLVYGGIFLYPANQKSPKGKLRLLYECNPVAYIIEQAGGLATTGTQPVLDVKPEAIHQRVPLILGSPEDVQEYLTCV
3j7wB,3j7vG,GDKLALFLKVFGGEVLTAFART,3j7w,B,3j7v,G,ASMTGGQQMGTNQGKGVVAAGDKLALFLKVFGGEVLTAFARTSVTTSRHMVRSISSGKSAQFPVLGRTQAAYLAPGENLDDKRKDIKHTEKVITIDGLLTADVLIYDIEDAMNHYDVRSEYTSQLGESLAMAADGAVLAEIAGLCNVESKYNENIEGLGTATVIETTQNKAALTDQVALGKEIIAALTKARAALTKNYVPAADRVFYCDPDSYSAILAALMPNAANYAALIDPEKGSIRNVMGFEVVEVPHLTAGGAGTAREGTTGQKHVFPANKGEGNVKVAKDNVIGLFMHRSAVGTVKLRDLALERARRANFQADQIIAKYAMGHGGLRPEAAGAVVFKV,DKLALFLKVFGGEVLTAFARTSVTTSRHMVRSISSGKSAQFPVLGRTQAAYLAPGENLDDKRKDIKHTEKVITIDGLLTADVLIYDIEDAMNHYDVRSEYTSQLGESLAMAADGAVLAEIAGLCNVESKYEGLGTATVIETTQNKAALTDQVALGKEIIAALTKARAALTKNYVPAADRVFYCDPDSYSAILAALMPNAANYAALIDPEKGSIRNVMGFEVVEVPHLTAGGAGTAREGTTGQKHVFPANKGEGNVKVAKDNVIGLFMHRSAVGTVKLRDLALERARRANFQADQIIAKYAMGHGGLRPEAAGAVVFK
3j97M,1xtgB,MALDMGNEIDTQNRQIDRIMEKADSNKTRIDEANQRATKM,3j97,M,1xtg,B,RADQLADESLESTRRMLQLVEESKDAGIRTLVMLDEQGEQLDRVEEGMNHINQDMKEAEKNLKDLGKARENEMDENLEQVSGIIGNLRHMALDMGNEIDTQNRQIDRIMEKADSNKTRIDEANQRATKMLG,MDENLEQVSGIIGNLRHMALDMGNEIDTQNRQIDRIMEKADSNKTRIDEANQRATKMLG
3j9cA,4h2aA,DHSLSLAGERTWAETMGLNTAD,3j9c,A,4h2a,A,TVPDRDNDGIPDSLEVEGYTVDVKNKRTFLSPWISNIHEKKGLTKYKSSPEKWSTASDPYSDFEKVTGRIDKNVSPEARHPLVAAYPIVHVDMENIILSKNEDQSTQNTDSQTRTISKNTSTSRTHTSEVHGNAEVHASFFDIGGSVSAGFSNSNSSTVAIDHSLSLAGERTWAETMGLNTADTARLNANIRYVNTGTAPIYNVLPTTSLVLGKNQTLATIKAKENQLSQILAPNNYYPSKNLAPIALNAQDDFSSTPITMNYNQFLELEKTKQLRLDTDQVYGNIATYNFENGRVRVDTGSNWSEVLPQIQETTARIIFNGKDLNLVERRIAAVNPSDPLETTKPDMTLKEALKIAFGFNEPNGNLQYQGKDITEFDFNFDQQTSQNIKNQLAELNATNIYTVLDKIKLNAKMNILIRDKRF,ESESSSQGLLGYYFSDLNFQAPMVVTSSTTGDLSIPSSELENIPSENQYFQSAIWSGFIKVKKSDEYTFATSADNHVTMWVDDQEVINKASNSNKIRLEKGRLYQIKIQYQRENPTEKGLDFKLYWTDSQNKKEVISSDNLQLPELKQKSSNSRKKRSTSAGPTVPDRDNDGIPDSLEVEGYTVDVKNKRTFLSPWISNIHEKKGLTKYKSSPEKWSTASDPYSDFEKVTGRIDKNVSPEARHPLVAAYPIVHVDMENIILSKNEDQSTQNTDSQTRTISKNTSTSRTHTSAGFSNSNSSTVAIDHSLSLAGERTWAETMGLNTADTARLNANIRYVNTGTAPIYNVLPTTSLVLGKNQTLATIKAKENQLSQILAPNNYYPSKNLAPIALNAQDDFSSTPITMNYNQFLELEKTKQLRLDTDQVYGNIATYNFENGRVRVDTGSNWSEVLPQIQETTARIIFNGKDLNLVERRIAAVNPSDPLETTKPDMTLKEALKIAFGFNEPNGNLQYQGKDITEFDFNFDQQTSQNIKNQLAELNATNIYTVLDKIKLNAKMNILIRDKRFHYDRNNIAVGADESVVKEAHREVINSSTEGLLLNIDKDIRKILSGYIVEIEDTEGLKEVINDRYDMLNISSLRQDGKTFIDFKKYNDKLPLYISNPNYKVNVYAVTKENTIINPSENGDTSTNGIKKILIFSKKGYEI
3jv6A,1zk9A,STASWEGRADFSQADVHRQIAIVFKTPPY,3jv6,A,1zk9,A,TSELRICRINKESGPCTGGEELYLLCDKVQKEDISVVFSTASWEGRADFSQADVHRQIAIVFKTPPYEDLEISEPVTVNVFLQRLTDGVCSEPLPFTYLPR,LVPRGSHMNTSELRICRINKESGPCTGGEELYLLCDKVQKEDISVVFSTASWEGRADFSQADVHRQIAIVFKTPPYEDLEISEPVTVNVFLQRLTDGVCSEPLPFTYLPR
3kuyA,5c3iF,TVALREIRRYQKSTELLIRK,3kuy,A,5c3i,F,PHRYRPGTVALREIRRYQKSTELLIRKLPFQRLVREIAQDFKTDLRFQSSAVMALQEASEAYLVALFEDTNLCAIHAKRVTIMPKDIQLARRIRGE,ALREIRRYQKSTELLIRKLPFQRLVREIAQDFKTDLRFQSSAVMALQEACEAYLVGLFEDTNLCAIHAKRVTIMPKDIQLARRIRGER
3m1bF,3lowA,KNGERIEKVEHSDLSFSKDWS,3m1b,F,3low,A,IQRTPKIQVYSRHPAENGKSNFLNCYVSGFHPSDIEVDLLKNGERIEKVEHSDLSFSKDWSFYLLYYTEFTPTEKDEYACRVNHVTLSQPKIVKWDRDM,MIQRTPKIQVYSRHPAENGKSNFLNCYVSGFHPSDIEVDLLKNGERIEKVEHSDLSFSKDWSFYLLYYTEFTPTEKDEYACRVNHVTLSQPKIVKWDRDM
3njqA,2pbkB,FVDVVSXPKLEQELYLDPDQVTDYL,3njq,A,2pbk,B,GLYVGGFVDVVSPKLEQELYLDPDQVTDYLPVTEPLPITIEHLPETEVGWTLGLFQVSHGIFCTGAITSPAFLELASRLADTSHVARAPVKNLPKEPLLEILHTWLPGLSLSSIHPRELSQTPSGPVFQHVSLCALGRRRGTVAVYGHDAEWVVSRFSSVSKSERAHILQHVSSCRLEDLSTPNFVSPL,QGLYVGGFVDVVSCPKLEQELYLDPDQVTDYLPVTEPLPITIEHLPETEVGWTLGLFQVSHGIFCTGAITSPAFLELASRLADTSHVARAPVKNLPKEPLLEILHTWLPGLSLSSIHPRELSQPSGPVFQHVSLCALGRRRGTVAVYGHDAEWVVSRFSSVSKSERAHILQHVSSCRLEDLSTPNFVSPLETLMAKAIDAGFIRDRLDLLKTDRGVASILSPVYLKA
3o44A,1xezA,VTGGVEVSGDGPKAKLEARA,3o44,A,1xez,A,TNTLPHVAFYISVNRAISDEECTFNNSWLWKNEKGSRPFCKDANISLIYRVNLERSLQYGIVGSATPDAKIVRISLDDDSTGAGIHLNDQLGYRQFGASYTTLDAYFREWSTDAIAQDYRFVFNASNNKAQILKTFPVDNINEKFERKEVSGFELGVTGGVEVSGDGPKAKLEARASYTQSRWLTYNTQDYRIERNAKNAQAVSFTWNRQQYATAESLLNRSTDALWVNTYPVDVNRISPLSYASFVPKMDVIYKASATETGSTDFIIDSSVNIRPIYNGAYKHYYVVGAHQSYHGFEDTPRRRITKSASFTVDWDHPVFTGGRPVNLQLASFNNRCIQVDAQGRLTANMCDSQQSAQSFIYDQLGRYVSASNTKLCLDGAALDALQPCNQNLTQRWEWRKGTDELTNVYSGESLGHDKQTGELGLYASSNDAVSLRTITAYTDVFNAQESSPILGYTQGKMNQQRVGQDNRLYVRAGAAIDALGSASDLLVGGNGGSLSSVDLSGVKSITATSGDFQYGGQQLVALTFTYQDGRQQTVGSKAYVTNAHEDRFDLPDAAKITQLKIWADDWLVKGVQFDLN,AIKYYNAADWQALPSLAELRDLVINQQKRVLVDFSQISDAEGQAEMQAQFRKAYGVGFANQFIVITEHKGELLFTPFDRTEETNTLPHVAFYISVNRAISDEECTFNNSWLWKNEKGSRPFCKDANISLIYRVNLERSLQYGIVGSATPDAKIVRISLDDDSTGAGIHLNDQLGYRQFGASYTTLDAYFREWSTDAIAQDYRFVFNASNNKAQILKTFPVDNINEKFERKEVSGFELGVTGGVEVSGDGPKAKLEARASYTQSRWLTYNTQDYRIERNAKNAQAVSFTWNRQQYATAESLLNRSTDALWVNTYPVDVNRISPLSYASFVPKMDVIYKASATETGSTDFIIDSSVNIRPIYNGAYKHYYVVGAHQSYHGFEDTPRRRITKSASFTVDWDHPVFTGGRPVNLQLASFNNRCIQVDAQGRLTANMCDSQQSAQSFIYDQLGRYVSASNTKLCLDGAALDALQPCNQNLTQRWEWRKGTDELTNVYSGESLGHDKQTGELGLYASSNDAVSLRTITAYTDVFNAQESSPILGYTQGKMNQQRVGQDNRLYVRAGAAIDALGSASDLLVGGNGGSLSSVDLSGVKSITATSGDFQYGGQQLVALTFTYQDGRQQTVGSKAYVTNAHEDRFDLPDAAKITQLKIWADDWLVKGVQFDLN
3qy2A,1qb3A,LLFKRPLNYEAELRAATAAA,3qy2,A,1qb3,A,MYHHYHAFQGRKLTDQERARVLEFQDSIHYSPRYSDDNYEYRHVMLPKAMLKVIPSDYFNSEVGTLRILTEDEWRGLGITQSLGWEHYECHAAEPHILLFKRPLN,HAFQGRKLTDQERARVLEFQDSIHYSPRYSDDNYEYRHVMLPKAMLKVIPSDYFNSEVGTLRILTEDEWRGLGITQSLGWEHYECHAPEPHILLFKRPLNYEAELRAATAAAQ
3t1pA,1kctA,RRSASLHLPKLCITGTYDLKSVLGQLGITKVFSNGADLSGVTEEAPLKLSKAVHKAVLCIDEKGTEAAGAMFLEAIPRSIPPEV,3t1p,A,1kct,A,NKITPNLAEFAFSLYRQLAHQSNSTNIFFSPVSIATAFAMLSLGTKADTHDEILEGLNFNLTEIPEAQIHEGFQELLRTLNQPDSQLQLTTGNGLFLSEGLKLVDKFLEDVKKLYHSEAFTVNFGDTEEAKKQINDYVEKGTQGKIVDLVKELDRDTVFALVNYIFFKGKWERPFEVKDTEEEDFHVDQVTTVKVPMMKRLGMFNIQHSKKLSSWVLLMKYLGNATAIFFLPDEGKLQHLENELTHDIITKFLENEDRRSASLHLPKLCITGTYDLKSVLGQLGITKVFSNGADLSGVTEEAPLKLSKAVHKAVLCIDEKGTEAAGAMFLEAIPRSIPPEVKFNKPFVFLMIEQNTKSPLFMGKVVNPTQK,HPTFNKITPNLAEFAFSLYRQLAHQSNSTNIFFSPVSIAAAFAMLSLGAKGDTHDEILEGLNFNLTEIPEAQIHEGFQELLRTLNQPDSQLQLTTGNGLFLSEGLKLVDKFLEDVKKLYHSEAFTVNFGDTEEAKKQINDYVEKGTQGKIVDLVKELDRDTVFALVNYIFFKGKWERPFEVKDTEEEDFHVDQVTTVKVPMMKRLGMFNIQHCKKLSSWVLLMKYLGNATAIFFLPDEGKLQHLENELTHDIITKFLENEDRRSASLHLPKLSITGTYDLKSVLGQLGITKVFSNGADLSGVTEEAPLKLSKAVHKAVLTIDEKGTEAAGAMFLEAIPMSIPPEVKFNKPFVFLMIEQNTKSPLFMGKVVNPTQK
3tp2A,5lj3M,WRDKSAKVQVKESELPSSIPAQTGLTFNIWYNKWSQGFAGNT,3tp2,A,5lj3,M,SWRDKSAKVQVKESELPSSIPAQTGLTFNIWYNKWSQGFAGNTRFVSPFALQPQLHSGKTRGDNDGQLFFCLFFAKGMCCLGPKCEYLHHIPDEEDIGKLALRTEVLDCFGREKFADYREDMGGIGSFRKKNKTLYVGGIDGALNSKHLKPAQIESRIRFVFSRLGDIDRIRYVESKNCGFVKFKYQANAEFAKEAMSNQTLLLPSDKEWDDRREGTGLLVKWAN,SWRDKSAKVQVKESELPSSIPAQTGLTFNIWYNKWSQGFAGNTRFVSPFALQPQLHSGKTRGDNDGQLFFCLFFAKGMCCLGPKCEYLHHIPDEEDIGKLALRTEALDCFGREKFADYREDMGGIGSFRKKNKTLYVGGIDGALNSKHLKPAQIESRIRFVFSRLGDIDRIRYVESKNCGFVKFKYQANAEFAKEAMSNQTLLLPSDKEWDDRREGTGLLVKWANEDPDPAAQKRLQEELKLESLNMMVHLI
3uyiA,3v0tA,VPYSPIGRGLFAGKAIKESL,3uyi,A,3v0t,A,HMPRVKLGTQGLEVSKLGFGCMGLSGLPEEQGIAVIKEAFNCGITFFDTSDIYGENGSNEELLGKALKQLPREKIQVGTKFGIHEIGFSGVKAKGTPDYVRSCCEASLKRLDVDYIDLFYIHRIDTTVPIEITMGELKLVEEGKIKYVGLSEASPDTIRRAHAVHPVTALQIEYSLWTRDIEDEIVPLCRQLGIGIVPYSPIGRGLFAGKAIKESKNKQIYYRIEALSQKHGCTPVQLALAWVLHQGEDVVPIPGTTKIKNLHNNVGALKVKLTKEDLKEISDAVPLDEVAGESIHEVIAVTNWKFANTPPL,MPRVKLGTQGLEVSKLGFGCMGLSPEEQGIAVIKEAFNCGITFFDTSDIYGENGSNEELLGKALKQLPREKIQVGTKFGIHEIGFSGVKAKGTPDYVRSCCEASLKRLDVDYIDLFYIHRIDTTVPIEITMGELKKLVEEGKIKYVGLSEASPDTIRRAHAVHPVTALQIEYSLWTRDIEDEIVPLCRQLGIGIVPYSPIGRGLFWGKAIKEYYRIEALSQKHGCTPVQLALAWVLHQGEDVVPIPGTTKIKNLHNNVGALKVKLTKEDLKEISDAVPWKFANTPPL
3zwgN,4tsyD,SADVAGAVIDGAGLGFDVLK,3zwg,N,4tsy,D,ADVAGAVIDGAGLGFDVLKTVLEALGNVKRKIAVGIDNESGKTWTAMNTYFRSGTSDIVLPHKVAHGKALLYNGQKNRGPVATGVVGVIAYSMSDGNTLAVLFSVPYDYNWYSNWWNVRVYKGQKRADQRMYEELYYHRSPFRGDNGWHSRGLGYGLKSRGFMNSSGHAILEIHVTKA,VAGAVIDGAGLGFDVLKTVLEALGNVKRKIAVGIDNESGKTWTAMNTYFRSGTSDIVLPHKVAHGKALLYNGQKNRGPVATGVVGVIAYSMSDGNTLAVLFSVPYDYNWYSNWWNVRVYKGQKRADQRMYEELYYHRSPFRGDNGWHSRGLGYGLKSRGFMNSSGHAILEIHVTKA
4a5wB,3t5oA,VQTAEDDLKTDFYKDLTSLG,4a5w,B,3t5o,A,CFCDHYAWTQWTSCSKTCNSGTQSRHRQIVVDKYYQENFCEQICSKQETRECNWQRCPINCLLGDFGPWSDCDPCIEKQSKVRSVLRPSQFGGQPCTAPLVAFQPCIPSKLCKIEEADCKNKFRCDSGRCIARKLECNGENDCGDNSDERDCGRTKAVCTRKYNPIPSVQLMGNGFHFLAGEPRGEVLDNSFTGGICKTVKSSRTSNPYRVPANLENVGFEVQTAEDDLKTDFYKDLTSLQGGSSFSVPIFYSSKRSENINHNSAFKQAIQASHKKDSSFIRIHKVMKVLNFTTKAKDLHLSDVFLKALNHLPLEYNSALYSRIFDDFGTHYFTSGSLGGVYDLLYQFSSEELKNSGLTEEEAKHCVRIETHRCTTNKLSEKHEGSFIQGAEKSISLIRGGEEKTFSEWLESVKENPAVIDFELAPIVDLVRNIPCAVTKRNNLRKALQEYAAKFDPCQCAPCPNNGRPTLSGTECLCVCQSGTYGENCEKQSPDYKSNAVDGQWGCWSSWSTCDATYKRSRTRECNNPAPQRGGKRCEGEKRQEEDCTFSIMENNGQPCINDDEEMKEVDLPEIEADSGCPQPVPPENGFIRNEKQLYLVGEDVEISCLTGFETVGYQYFRCLPDGTWRQGDVECQRTECIKPVVQEVLTITPFQRLYRIGESIELTCPKGFVVAGPSRYTCQGNSWTPPISNSLTCEKDTLTKLKGHCQLGQKQSGSECICMSPEEDCSHHSEDLCVFDTDSNDYFTSPACKFLAEKCLNNQQLHFLHIGSCQDGRQLEWGLERTRLSSNSTKKESCGYDTCYDWEKCSASTSKCVCLLPPQCFKGGNQLYCVKMGSSTSEKTLNICEVGTIRCANRKMEILHPGKCLA,CFCDHYAWTQWTSCSKTCNSGTQSRHRQIVVDKYYQENFCEQICSKQETRECNWQRCPINCLLGDFGPWSDCDPCIEKQSKVRSVLRPSQFGGQPCTAPLVAFQPCIPSKLCKIEEADCKNKFRCDSGRCIARKLECNGENDCGDNSDERDCGRTKAVCTRKYNPIPSVQLMGNGFHFLAGEPRGEVLDNSFTGGICKTVKSSRTSNPYRVPANLENVGFEVQTAEDDLKTDFYKDLTSLGHVPIFYSSKRSENINHNSAFKQAIQASHKKDSSFIRIHKVMKVLNFTTKAKDLHLSDVFLKALNHLPLEYNSALYSRIFDDFGTHYFTSGSLGGVYDLLYQFSSEELKNSGLTEEEAKHCVRIETKKRVLFAKKTKVEHRCTTNKLSEKHEGSFIQGAEKSISLIRGGRSEYGAALAWEKGSSGLEEKTFSEWLESVKENPAVIDFELAPIVDLVRNIPCAVTKRNNLRKALQEYAAKFDPCQCAPCPNNGRPTLSGTECLCVCQSGTYGENCEKQSPDYKSNAVDGQWGCWSSWSTCDATYKRSRTRECNNPAPQRGGKRCEGEKRQEEDCTPCINDDEEDSGCPQPVPPENGFIRNEKQLYLVGEDVEISCLTGFETVGYQYFRCLPDGTWRQGDVECQRTECIKPVVQEVLTITPFQRLYRIGESIELTCPKGFVVAGPSRYTCQGNSWTPPISNSLTCEKDTGHCQLGQKQSGSECICMSPEEDCSHHSEDLCVFDTDSNDYFTSPACKFLAEKCLNNQQLHFLHIGSCQDGRQLEWGLERTRLSSNSTKKESCGYDTCYDWEKCSASTSKCVCLLPPQCFKGGNQLYCVKMGSSTSEKTLNICEVGTIRCANRKMEILHPGKCLA
4aanA,4aalA,GYFPFGVREDPGPVVRPVDDTGRYKVTSTAADKY,4aan,A,4aal,A,DVMKRAQGLFKPIPAKPPVMKDNPASPSRVELGRMLFFDPRLSASHLISCNTCHNVGLGGTDILETSIGHGWQKGPRNSPTVLNAVYNIAQFWDGRAEDLAAQAKGPVQASVEMNNKPENLVATLKSIPGYPPLFRKAFPGQGDPVTFDNVAKAIEVFEATLVTPDAPFDKYLKGNRKAISSTAEQGLALFLDKGCAACHSGVNMGGTGYFPFGVREDPGPVVRPVDDTGRYKVTSTAADKYVFRSPSLRNVAITMPYFHSGKVWKLKDAVKIMGSAQLGISITDADADKIVTFLNTLTGAQPKVMHPVLPPNSDDTPRPVSN,EDVMKRAQGLFKPIPAKPPVMKDNPASPSRVELGRMLFFDPRLSASHLISCNTCHNVGLGGTDILETSIGHGWQKGPRNSPTVLNAVYNIAQFWDGRAEDLAAQAKGPVQASVEMNNKPENLVATLKSIPGYPPLFRKAFPGQGDPVTFDNVAKAIEVFEATLVTPDAPFDKYLKGNRKAISSTAEQGLALFLDKGCAACHSGVNMGGTGYFPFGVREDPGPVDDTGRYKVTSTAADKYVFRSPSLRNVAITMPYFHSGKVWKLKDAVKIMGSAQLGISITDADADKIVTFLNTLTGAQPKVMHPVLPPNSDDTPRPVSN
4ae0A,4ow6B,LEHPELSELKTVTGTNPVFA,4ae0,A,4ow6,B,VVDSSKSFVMENFSSYHGTKPGYVDSIQKGIQKWKEFYSTDNKYDAAGYSVDNENPLSGKAGGVVKVTYPGLTKVLALKVDNAETIKKELGLSLTEPLMEQVGTEEFIKRFGDGASRVVLSLPFAEGSSSVEYINNWEQAKALSVELEINFETRGKRGQDAMYEYMAQACACINLDWDVIRDKTKTKIESLKEHGPIKNKMSESPNKTVSEEKAKQYLEEFHQTALEHPELSELKTVTGTNPVFAGANYAAWAVNVAQVIDSETADNLEKTTAALSILPGIGSVMGIADGAVHHNTEEIVAQSIALSSLMVAQAIPLVGIGFAAYNFVESIINLFQVVHNSYNRPAYSPGHKTQPFLHDGYAVSWNTVEDSIIRTGFQGESGHDIKITAENTPLPIAGVLLPTIPGKLDVNKSKTHISVNGRKIRMRCRAIDGDVTFCRPKSPVYVGNGVHANLHVAFHRSSSEKIHSNEISSDSIGVLGYQKHTKVNSKLSLFFEIKS,GADDVVDSSKSFVMENFSSYHGTKPGYVDSIQKGIQKPKSGTQGNYDDDWKGFYSTDNKYDAAGYSVDNENPLSGKAGGVVKVTYPGLTKVLALKVDNAETIKKELGLSLTEPLMEQVGTEEFIKRFGDGASRVVLSLPFAEGSSSVEYINNWEQAKALSVELEINFETRGKRGQDAMYEYMAQACASCINLDWDVIRDKTKTKIESLEHPELSELKTVTGTNPVFAGANYAAWAVNVAQVIDSETADNLEKTTAALSILPGIGSVMGIADGAVHHNTEEIVAQSIALSSLMVAQAIPLVGELVDIGFAAYNFVESIINLFQVVHNSYNRPAYSPGHKTQPFLHDGYAVSWNTVEDSIIRTGFQGESGHDIKITAENTPLPIAGVLLPTIPGKLDVNKSKTHISVNGRKIRMRCRAIDGDVTFCRPKSPVYVGNGVHANLHVAFHRSSSEKIHSNEISSDSIGVLGYQKTVDHTKVNSKLSLFFEIKS
4b3oB,3meeA,WWTEYWQATWVPEWEFVNTPPLVKLWYQLEKEPIVGAETF,4b3o,B,3mee,A,TVPVKLKPGMDGPKVKQWPLTEEKIKALVEICTEMEKEGKISKIGPENPYNTPVFAIKKKDGTKWRKLVDFRELNKKTQDFWEVQLGIPHPAGLKKKKSVTVLDVGDAYFSVPLDEDFRKYTAFTIPSINNETPGIRYQYNVLPQGWKGSPAIFQSSMTKILEPFRKQNPDIVIYQYMDDLYVGSDLEIGQHRTKIEELRQHLLRWGLTGYELHPDKWTVQPIVLPEKDSWTVNDIQKLVGKLNWASQIYPGIKVRQLCKLLRGTKALTEVIPLTEEAELELAENREILKEPVHGVYYDPSKDLIAEIQKQGQGQWTYQIYQEPFKNLKTGKYARMRGAHTNDVKQLTEAVQKITTESIVIWGKTPKFKLPIQKETWETWWTEYWQATWVPEWEFVNTPPLVKLWYQLEK,PISPIETVPVKLKPGMDGPKVKQWPLTEEKIKALVEICTEMEKEGKISKIGPENPYNTPVFAIKKKDSTKWRKLVDFRELNKRTQDFWEVQLGIPHPAGLKKKKSVTVLDVGDAYFSVPLDEDFRKYTAFTIPSINNETPGIRYQYNVLPQGWKGSPAIFQSSMTKILEPFRKQNPDIVIYQYMDDLYVGSDLEIGQHRTKIEELRQHLLRWGLTTPDKKHQKEPPFLWMGYELHPDKWTVQPIVLPEKDSWTVNDIQKLVGKLNWASQIYPGIKVRQLCKLLRGTKALTEVIPLTEEAELELAENREILKEPVHGVYYDPSKDLIAEIQKQGQGQWTYQIYQEPFKNLKTGKYARMRGAHTNDVKQLTEAVQKITTESIVIWGKTPKFKLPIQKETWETWWTEYWQATWIPEWEFVNTPPLVKLWYQLEKEPIVGAETFYVDGAANRETKLGKAGYVTNRGRQKVVTLTDTTNQKTELQAIYLALQDSGLEVNIVTDSQYALGIIQAQPDQSESELVNQIIEQLIKKEKVYLAWVPAHKGIGGNEQVDKLV
4dxtA,4dxrA,TYETKTALLSLFGIPLWYHS,4dxt,A,4dxr,A,GPGVTEEQVHHIVKQALQRYSEDRIGLADYALESGGASVISTRCSETYETKTALLSLFGIPLWYHSQSPRVILQPDVHPGNCWAFQGPQGFAVVRLSARIRPTAVTLEHVPKALSPNSTISSAPKDFAIFGFDEDLQQEGTLLGKFTYDQDGEPIQTFHFQAPTMATYQVVELRILTNWGHPEYTCIYRFRVHGEPAH,GVTEEQVHHIVKQALQRYSEDRIGLADYALESGGASVISTRCSETYETKTALLSLFGIPLWYHSQSPRVILQPDVHPGNCWAFQGPQGFAVVRLSARIRPTAVTLEHVPKALSPNSTISSAPKDFAIFGFDEDLQQEGTLLGKFTYDQDGEPIQTFHFQAPTMATYQVVELRILTNWGHPEYTCIYRFRVHGEPAH
4fu4C,4g0dZ,EDDLSEEDLQFAERYLRSYYHPT,4fu4,C,4g0d,Z,GGDEDDLSEEDLQFAERYLRSYYHPT,EDDLSEEDLQFAERYLRSYYHPT
4gqcC,4gqcB,SPVCTKELCTFRDKMAQLEKANA,4gqc,C,4gqc,B,GLVELGEKAPDFTLPNQDFEPVNLYEVLKRGRPAVLIFFPAAFSPVCTKELCTFRDKMAQLEKANAEVLAISVDSPWCLKKFKDENRLAFNLLSDYNREVIKLYNVYHEDLKGLKMVAKRAVFIVKPDGTVAYKWVTDNPLNEPDYDEVVREANKIAGELV,LVELGEKAPDFTLPNQDFEPVNLYEVLKRGRPAVLIFFPAAFSPVCTKELCTFRDKMAQLEKANAEVLAISVDSPWCLKKFKDENRLAFNLLSDYNREVIKLYNVYHEDLKGLKMVAKRAVFIVKPDGTVAYKWVTDNPLNEPDYDEVVREANKIAGELV
4hddA,2lepA,DYXATQGVILTIQQHNQSDVWLADE,4hdd,A,2lep,A,LITSFANPRVAQAFVDYATQGVILTIQQHNQSDVWLADESQAERVRAELARFLENPADPRYLAA,MLMITSFANPRVAQAFVDYMATQGVILTIQQHNQSDVWLADESQAERVRAELARFLENPADLD
4j3oF,2jmrA,ADSTITIRGYVRDNGCSVAAESTNF,4j3o,F,2jmr,A,ADSTITIRGYVRDNGCSVAAESTNFTVDLMENAAKQFNNIGATTPVVPFRILLSPCGNAVSAVKVGFTGVADSHNANLLALENTVSAASGLGIQLLNEQQNQIPLNAPSSALSWTTLTPGKPNTLNFYARLMATQVPVTAGHINATATFTLEYQ,MADSTITIRGYVRDNGCSVAAESTNFTVDLMENAAKQFNNIGATTPVVPFRILLSPCGNAVSAVKVGFTGVADSHNANLLALENTVSAASGLGIQLLNEQQNQIPLNAPSSALSWTTLTPGKPNTLNFYARLMATQVPVTAGHINATATFTLEYQDNHHHHHHKQADSTITIRGYVRDN
4jphB,5hk5H,HHQIKEVLASSQEALVVTERKY,4jph,B,5hk5,H,KEVLASSQEALVVTERKYLKSDWCKTQPLRQTVSEEGCRSRTILNRFCYGQCNSFYIPRHVKKEEDSFQSCAFCKPQRVTSVIVELECPGLDPPFRIKKIQKVKHCRCMSV,WHHQIKEVLASSQEALVVTERKYLKSDWCKTQPLRQTVSEEGCRSRTILNRFCYGQCNSFYIPRHVKKEEDSFQSCAFCKPQRVTSVIVELECPGLDPPFRIKKIQKVKHCRCMSVNLS
4nc9C,4n9wA,AAEGPIVATFHTSTTKSLTLSVF,4nc9,C,4n9w,A,SGAMRIGMVCPYSFDVPGGVQSHVLQLAEVLRDAGHEVSVLAPASPHVKLPDYVVSGGKAVPIRLRFGPATHRKVKKWIAEGDFDVLHIHEPNAPSLSMLALQAAEGPIVATFHTSTTKSLTLSVFQGILRPYHEAVSDLARRWQMEALGSDAVEIPNGVDVASFADAPLLDGYPRTVLFLYDEPRKGMAVLLAALPKLVARFILIVEDELREQAGHLRFLGQVDDATKASAMRSADVYCAPHLGGESFGIVLVEAMAAGTAVVASDLDAFRRVLADGDAGRLVPVDDADGMAAALIGILEDDQLRAGYVARASERVHRYDWSVVSAQIMRVYETVSGAGIKVQVS,AMRIGMVCPYSFDVPGGVQSHVLQLAEVLRDAGHEVSVLAPASPHVKLPDYVVSGGKAVPIPYNGSVARLRFGPATHRKVKKWIAEGDFDVLHIHEPNAPSLSMLALQAAEGPIVATFHTSTTKSLTLSVFQGILRPYHEKIIGRIAVSAVEIPNGVDVASFADAPLLDGYPREGRTVLFLGRYDEPRKGMAVLLAALPKLVARFPDVEILIVGRGDEDELREQAGDLAGHLRFLGQVDDATKASAMRSADVYCAPHLGGESFGIVLVEAMAAGTAVVASDLDAFRRVLADGDAGRLVPVDDADGMAAALIGILEDDQLRAGYVARASERVHRYDWSVVSAQIMRVYETVSGAGIKVQVS
4o0pA,4o01D,DLGPRHSFDTYLEEKRGYAE,4o0p,A,4o01,D,DPLPFFPPLYLGGPEITTENCEREPIHIPGSIQPHGALLTADGHSGEVLQMSLNAATFLGQEPTVLRGQTLAALLPEQWPALQAALPPGCPDALQYRATLDWPHLSLTVHRVGELLILEFEPTEAHALRNAMFALESAPNLRALAEVATQTVRELTGFDRVMLYKFAPDATGEVIAEARREGLHAFLGHRFPASDIPAQARALYTRHLLRLTADTRAAAVPLDPVLNPQTNAPTPLGGAVLRATSPMHMQYLRNMGVGSSLSVSVVVGGQLWGLIACHHQTPYVLPPDLRTTLEYLGRLLSLQVQVKEAADVAAFRQSLREHHARVALAAAHSLSPHDTLSDPALDLLGLMRAGGLILRFEGRWQTLGEVPPAPAVDALLAWLETQPGLVQTDALGQLWPAGADLAPSAAGLLAISVWSECLVWLRPELRLEVAWGGATPDLGPRHSFDTYLEEKRGYAEPWHPGEIEEAQDLRDTLTGALEHHH,LPFFPPLYLGGPEITTENCEREPIHIPGSIQPHGALLTADGHSGEVLQMSLNAATFLGQEPTVLRGQTLAALLPEQWPALQAALPPGCPDALQYRATLDWAGHLSLTVHRVGELLILEFEPTEGPHALRNAMFALESAPNLRALAEVATQTVRELTGFDRVMLYKFAPDATGEVIAEARREGLHAFLGHRFPASDIPAQARALYTRHLLRLTADTRAAAVPLDPVLNPQTNAPTPLGGAVLRATSPMHMQYLRNMGVGSSLSVSVVVGGQLWGLIACHHQTPYVLPPDLRTTLEYLGRLLSLQVQVKEAADVAAFRQSLREHHARVALAAAHSLSPHDTLSDPALDLLGLMRAGGLILRFEGRWQTLGEVPPAPAVDALLAWLETQPGALVQTDALGQLWPAGADLAPSAAGLLAISVGEGWSECLVWLRPELRLEVALGPRHSFDTYLEEKRGYAEPWHPGEIEEAQDLRDTLTGALEHHH
4phqA,2wcdX,AYAGAAAGVVAGPFGLIISY,4phq,A,2wcd,X,CDKTVEVVKNAIETADGALDLYNKYLDQVIPWQTFDETIKELSRFKQEYSQAASVLVGDIKTLLMDSQDKYFEATQTVYEWAGVATQLLAAYILLFDEYNEKKASAQKDILIKVLDDGITKLNEAQKSLLVSSQSFNNASGKLLALDSQLTNDFSEKSSYFQSQVDKIRKEAYAGAAAGVVAGPFGLIISYSIAAGVVEGKLIPELKNKLKSVQNFFTTLSNTVKQANKDIDAAKLKLTTEIAAIGEIKTETETTRFYCDYDDLMLSLLKEAAKKMINTANEYQKRHGKKT,KTVEVVKNAIETADGALDLYNKYLDQVIPWQTFDETIKELSRFKQEYSQAASVLVGDIKTLLMDSQDKYFEATQTVYEWCGVATQLLAAYILLFDEYNEKKASAQKDILIKVLDDGITKLNEAQKSLLVSSQSFNNASGKLLALDSQLTNDFSEKSSYFQSQVDKIRKEAYAGAAAGVVAGPFGLIISYSIAAGVVEGKLIPELKNKLKSVQNFFTTLSNTVKQANKDIDAAKLKLTTEIAAIGEIKTETETTRFYVDYDDLMLSLLKEAAKKMINTCNEYQKRH
4pyiA,4pyjA,YREVVDGLEKAIYKGPGSEA,4pyi,A,4pyj,A,TKEQRILNHVLQHAEPGNAQSVLEAIDTYCEQKGDKKGKIVDAVIQEHQPSVLLELGAYCGYSAVRMARLLSPGARLITIEINPDCAAITQRMVDFAGVKDKVTLVVGASQDIIPQLKKKYDVDTLDMVFLDHWKDRYLPDTLLLEECGLLRKGTVLLADNVICPGAPDFLAHVRGSSCFECTHYQSFLEYREVVDGLEKAIYKGPG,DTKEQRILNHVLQHAEPGNAQSVLEAIDTYCEQKGDKKGKIVDAVIQEHQPSVLLELGAYCGYSAVRMARLLSPGARLITIEINPDCAAITQRMVDFAGVKDKVTLVVGASQDIIPQLKKKYDVDTLDMVFLDHWKDRYLPDTLLLEECGLLRKGTVLLADNVICPGAPDFLAHVRGSSCFECTHYQSFLEYREVVDGLEKAIYKGPG
4qdsA,2qqjA,PCSNMLGMLSGLIADSQISA,4qds,A,2qqj,A,SHMFQCNVPLGMESGRIANEQISASSTYSDGRWTPQQSRLHGDDNGWTPNLDSNKEYLQVDLRFLTMLTAIATQGAISRETQNGYYVKSYKLEVSTNGEDWMVYRHGKNHKVFQANNDATEVVLNKLHAPLLTRFVRIRPQTWHSGIALRLELFGCRVTDAPCSNMLGMLSGLIADSQISAS,QCNVPLGMESGRIANEQISASSTYSDGRWTPQQSRLHGDDNGWTPNLDSNKEYLQVDLRFLTMLTAIATQGAISRETQNGYYVKSYKLEVSTNGEDWMVYRHGKNHKVFQANNDATEVVLNKLHAPLLTRFVRIRPQTWHSGIALRLELFGCRVTDAPCSNMLGMLSGLIADSQISASSTQELWSPSAARLVSSRSGWFPRIPQAQPGEEWLQVDLGTPKTVKGVIIQGARGGAVEARAFVRKFKVSYSLNGKDWEYIQDPRTQQPKLFEGNMHYDTPDIRRFDPIPAQYVRVYPERWSPAGIGMRLEVLGCDWT
4qhfA,4qhhA,HLKYGKYHINEFEEELLFLFPNKEA,4qhf,A,4qhh,A,MKDRKILNEILSNTINELNLNDKKANIKIKIKPLKRKIASISLTNKTIYINKNILPYLSDEEIRFILAHELLHLKYGKYHINEFEEELLFLFPNKEAILINLINKLHQK,KDRKILNEILSNTINELNLNDKKANIKIKIKPLKRKIASISLTNKTIYINKNILPYLSDEEIRFILAHELLHLKYGKYHINEFEEELLFLFPNKEAILINLINKLHQK
4rmbA,4rmbB,TNISGDSDANAEIKLLSLEH,4rmb,A,4rmb,B,QTETYITQINPEGKEMYFASGLGNLYTIIGSDGSPVNLLNAEVKILKTNSKNLTNYDSPEFEDVTSQYSYTNDGSKITIDWKTNSISSTTSYVVLVKIPKQSGVLYSTVSDINQTYGSKYSYGHTNISGDSDANAEIKLLS,RQTETYITQINPEGKEMYFASGLGNLYTIIGSDGSPVNLLNAEVKILKTNSKNLTDSMDQNYDSPEFEDVTSQYSYTNDGSKITIDWKTNSISSTTSYVVLVKIPKQSGVLYSTVSDINQTYGSKYSYGHTNISGDSDANAEIKLLSLEHHHHHH
4rr2D,3l9qB,IGLTLEQALQFWKQEFIKGKMDPDKFDKGYSYNIRHSFGKEGKRTD,4rr2,D,3l9q,B,YPHCLQFYLQPPSENISLIEFENLAIDRVKLLKSVENLGVSYVKGTEQYQSKLESELRKLKFSDEYEPRRRDHISHFILRLAYCQSEELRRWFIQQEMDLLRFRFSILPKDKIQDFLKDSQLQFEAISDEEKTLREQEIVASSPSLSGLKLGFESIYKIPFADALDLFRGRKVYLEDGFAYVPLKDIVAIILNEFRAKLSKALALTARSLPAVQSDERLQPLLNHLSHSYTGQDYSTQGNVGKISLDQIDLLSTKSFPPCMRQLHKALRENHHLRHGGRMQYGLFLKGIGLTLEQALQFWKQEFIKGKMDPDKFDKGYSYNIRHSFGKEGKRTDYTPFSCLKIILSNPPSQGDYHGCPFRHSDPELLKQKLQSYKISPGGISQILDLVKGTHYQVACQKYFEMIHNVDDCGFSLNHPNQFFCESQRILN,SLDQIDLLSTKSFPPCMRQLHKALRENHHLRHGGRMQYGLFLKGIGLTLEQALQFWKQEFSYNIRHSFRTDYTPFSCLKIILSNPPSQGDYHGCPFRHSDPELLKQKLQSYKISPGGISQILDLVKGTHYQVACQKYFEMIHNVDDCGFSLNHPNQFFCESQRILNG
4rwnA,4rwqB,VKGGSSGKGTTLRGRSDADL,4rwn,A,4rwq,B,MELRHTPARDLDKFIEDHLLPNTCFRTQVKEAIDIVCRFLKERCFQGTADPVRVSKVVKGGSSGKGTTLRGRSDADLVVFLTKLTSFEDQLRRRGEFIQEIRRQLEACQREQKFKVTFEVQSPRRENPRALSFVLSSPQLQQEVEFDVLPAFDALGQWTPGYKPNPEIYVQLIKECKSRGKEGEFSTCFTELQRDFLRNRPTKLKSLIRLVKHWYQTCKKTHGNKLPPQYALELLTVYAWEQGSRKTDFSTAQGFQTVLELVLKHQKLCIFWEAYYDFTNPVVGRCMLQQLKKPRPVILDPADPTGNVGGGDTHSWQRLAQEARVWLGYPCCKNLDGSLVGAWTMLQKI,MELRHTPARDLDKFIEDHLLPNTCFRTQVKEAIDIVCRFLKERCFQGTADPVRVSKVVKGGSSGKGTTLRGRSDADLVVFLTKLTSFEDQLRRRGEFIQEIRRQLEACQREQKFKVTFEVQSPRRENPRALSFVLSSPQLQQEVEFDVLPAFDALGQWTPGYKPNPEIYVQLIKECKSRGKEGEFSTCFTELQRDFLRNRPTKLKSLIRLVKHWYQTCKKTHGNKLPPQYALELLTVYAWEQGSRKTDFSTAQGFQTVLELVLKHQKLCIFWEAYYDFTNPVVGRCMLQQLKKPRPVILDPADPTGNVGGGDTHSWQRLAQEARVWLGYPCCKNLDGSLVGAWTML
4twaA,4ydqB,NHIEGFSPEVAWVTKYGDSNLPEEIAIRPTSETIMYSVF,4twa,A,4ydq,B,MAITSKKIENFSDWYTQVIVKSELIEYYDISGCYILRPAAYYIWECVQAFFNKEIKKLNVENSYFPLFVTKNKLEKEKNHIEGFSPEVAWVTKYGDSNLPEEIAIRPTSETIMYSVFPKWIRSYRDLPLKLNQWNTVVRWEFKQPTPFIRTREFLWQEGHTAHKNEEEAVKLVFDILDLYRRWYEEYLAVPIIKGIKSEGEKFGGANFTSTAEAFISENGRAIQAATSHYLGTNFAKMFKIEFEDENEVKQYVHQTSWGCTTRSIGIMIMTHGDDKGLVLPPNVSKYKVVIVPIFYKTTDENAIHSYCKDIEKILKNAQINCVYDDRASYSPGYKFNHWELRGIPIRIEVGPKDLQNNSCVIVRRDNNEKCNVKKESVLLETQQMLVDIHKNLFLKAKKKLDDSIVQVTSFSEVMNALNKKKMVLAPWCEDIATEEEIKKETQRLSLTLSGAMKPLCIPLDQPPMPPNMKCFWSGKPAKRWCLFGRSY,MAITSKKIENFSDWYTQVIVKSELIEYYDISGCYILRPAAYYIWECVQAFFNKEIKKLNVENSYFPLFVTKNKLEFSPEVAWVTKYGDSNLPEEIAIRPTSETIMYSVFPKWIRSYRDLPLKLNQWNTVVRWEFKQPTPFIRTREFLWQEGHTAHKNEEEAVKLVFDILDLYRRWYEEYLAVPIIKGIKSEGEKFGGANFTSTAEAFISENGRAIQAATSHYLGTNFAKMFKIEFEDENEVKQYVHQTSWGCTTRSIGIMIMTHGDDKGLVLPPNVSKYKVVIVPIFYKTTDENAIHSYCKDIEKILKNAQINCVYDDRASYSPGYKFNHWELRGIPIRIEVGPKDLQNNSCVIVRRDNNEKCNVKKESVLLETQQMLVDIHKNLFLKAKKKLDDSIVQVTSFSEVMNALNKKKMVLAPWCEDIATEEEIKKETQRLTLSGAMKPLCIPLDQPPMPPNMKCFWSGKPAKRWCLFGRSY
4uv2D,4q79F,RGLWDLQNKAERQNDILVKYRHXSVPPES,4uv2,D,4q79,F,RAQSYKDLTHLPAPTGKIFVSVYNIQDETGQFKPYPASNFSTAVPQSATALVTALKDSRWFIPLERQGLQNLLNERKIIRAAQENGTVAINNRIPLQSLTAANIVEGSIIGYESNVKSGGVGARYFGIGADTQYQLDQIAVNLRVVNVSTGEILSSVNTSKTILSYEVQAGVFRFIDYVGYTSNEPVLCLSAIETGVIFLINDGIDRGLWDLQNKAERQNDILVKYRHSV,KIFVSVYNIQDETGQFKPYPASNFSTAVPQSATAMLVTALKDSRWFIPLERQGLQNLLNERKIIRAAQEQSLTAANIMVEGSIIGYESNVKSGGVGARYFGIGADTQYQLDQIAVNLRVVNVSTGEILSSVNTSKTILSYEVQAGVFRFIDRLLEGEVGYTSNEPVMLCLMSAIETGVIFLINDGIDRG
4wsgC,1svfC,KTNAAVADVVQATQSLGTAVQAVQDHINSVVSPAITAAN,4wsg,C,1svf,C,LDLAALMQIGVIPTNVRQLMYYTEASSAFIVVKLMPTIDSPISGCNITSISSYNATVTKLLQPIGENLETIRNQLIPTRRRFAGVVIGLAALGVATAAQVTAAVALVKANENAAAILNLKNAIQKTNAAVADVVQATQSLGTAVQAVQDHINSVVSPAITAANCKAQDAIIGSILNLYLTELTTIFHNQITNPALSPITIQALRILLGSTLPTVVEKSFNTQISAAELLSSGLLTGQIVGLDLTYMQMVIKIELPTLTVQPATQIIDLATISAFINNQEVMAQLPTRVMVTGSLIQAYPASQCTITPNTVYCRYNDAQVLSDDTMACLQGNLTRCTFSPVVGSFLTRFVLFDGIVYANCRSMLCKCMQPAAVILQPSSSPVTVIDMYKCVSLQLDNLRFTITQLANVTYNSTIKLESSQILPIDPLDISQNLAAVNKSLSDALQHLAQSDTYLSAIEDKIEEILSKIYHIENEIARIKK,TAAVALVKANENAAAILNLKNAIQKTNAAVADVVQATQSLGTAVQAVQDHINSVVSPAITAA
4y0mJ,4xwsD,TAKASIDSELLNDKSLLLLGEGHCFRDQVLEACPTVRKGDENKHTTVESSSLETIRHXVASGLGVSVLP,4y0m,J,4xws,D,AQLAAPLKVGAIYTIGPYLFPHLIPQLHRVAPQPLYIEENFTHILRDKLRTGELDAIIIALPFQEADVLTKPLFDEPFYVLPADHPWTAKASIDSELLNDKSLLLLGEGHCFRDQVLEACPTVKHTTVESSSLETIRHVASGLGVSVLPFSAVDSHHYAPGVIEVRPFSAPVPFRTVAIAWRASFPRPRAIEVLADSIRLCSVARP,LAAPLKVGAIYTIGPYLFPHLIPQLHRVAPQMPLYIEENFTHILRDKLRTGELDAIIIALPFQEADVLTKPLFDEPFYVLMPADHPWTAKASIDSELLNDKSLLLLGEGHDFKHTTVESSSLETIRHMVASGLGVSVLPFSAVDSHHYAPGVIEVRPFSAPVPFRTVAIAWRASFPRPRAIEVLADSIRLCSVA
4zrbC,4zrbH,KDFHFDAISAFENYEIEKMR,4zrb,C,4zrb,H,FHFDAISAFENYEIEKMRDGHVVVTTKVVNSSLNYYGNAHGGYLFTLCDQISGLVVISLGLDGVTLQSSINYLKAGKLDDVLTIKGECVHQGRTTCVMDVDITNQEGRNVCKATFTMFVTGQR,MKDFHFDAISAFENYEIEKMRDGHVVVTTKVVNSSLNYYGNAHGGYLFTLCDQISGLVVISLGLDGVTLQSSINYLKAGKLDDVLTIKGECVHQGRTTCVMDVDITNQEGRNVCKATFTMFVTGQR
4zt0C,4cmqB,KILTFRIPYYVGPLARGNSRFAWXTRKSEETITPWNFEEVVDKGASAQSFIERXTNFDKNLPNEKVLPKHSLLYEYFTVYNELTKVKYVTEGXRKPAFLSGEQKKAIVDLLFKTNRKVTVKQLKEDYFKKIECFDSVEISGVEDRFNASLGTYHDLLKIIKDKDFLDN,4zt0,C,4cmq,B,KYSIGLDIGTNSVGWAVITDDYKVPSKKFKVLGNTDRHSIKKNLIGALLFDSGETAEATRLKRTARRRYTRRKNRICYLQEIFSNEAKVDDSFFHRLEESFLVEEDKKHERHPIFGNIVDEVAYHEKYPTIYHLRKKLVDSTDKADLRLIYLALAHIKFRGHFLIEGDLNPDNSDVDKLFIQLVQTYNQLFEENPINASGVDAKAILSARLSKSRRLENLIAQLPGEKKNGLFGNLIALSLGLTPNFKSNFDLAEDAKLQLSKDTYDDDLDNLLAQIGDQYADLFLAAKNLSDAILLSDILRVNTEITKAPLSASIKRYDEHHQDLTLLKALVRQQLPEKYKEIFFDQSKNGYAGYIDGGASQEEFYKFIKPILEKDGTEELLVKLNREDLLRKQRTFDNGSIPHQIHLGELHAILRRQEDFYPFLKDNREKIEKILTFRIPYYVGPLARGNSRFAWTRKSEETITPWNFEEVVDKGASAQSFIERTNFDKNLPNEKVLPKHSLLYEYFTVYNELTKVKYVTEGRKPAFLSGEQKKAIVDLLFKTNRKVTVKQLKEDYFKKIECFDSVEISGVEDRFNASLGTYHDLLKIIKDKDFLDNEENEDILEDIVLTLTLFEDREIEERLKTYAHLFDDKVKQLKRRRYTGWGRLSRKLINGIRDKQSGKTILDFLKSDGFANRNFQLIHDDSLTFKEDIQKAQVSGQGDSLHEHIANLAGSPAIKKGILQTVKVVDELVKVGRHKPENIVIEAREKNSRERKRIEEGIKELGSQILKEHPVEKLYLYYLQNGRDYVDQELDINSDYDVDHIVPQSFLKDDSIDNKVLTRSDKNRGKPSEEVVKKKNYWRITQRKFDNGLSELDKAGFIKRQLVETRQITKHVAQILDSRNTKYDENVKVITLKSKLVSDFRKDFQFYKVREINNYHHAHDAYLNAVVGTALIKKYPKLESEFVYGDYKVYDVRSNINFFKTEIIRKRPLIETNGETGEIVWDKGRDFATVRKVLSPQVNIVKKTEVQTGGFSKESILPKRNSDKLIARKKDWDPKKYGGFDSPTVAYSVLVVAKVEKGKSKKLKSVKELLGITIERSSFEKNPIDFLEAKGYKEVKKDLIIKLPKYSLFELENGRKRLASAGELQKGNELALPSKYVNFLYLASHYEKLKGSPEDNEQKQLFVEQHKHYLDEIIEQISEFSKRVILADANLDKVLSAYNKHRDKPIREQAENIIHLFTLTNLGAPAAFKYFDTTIDRKRYTSTKEVLDATLIHQSITGLYETRIDLSQLG,KYSIGLDIGTNSVGWAVITDEYKVPSKKFKVLGNTDRHSIKKNLIGALLFDSGETAEATRLKRTARRRYTRRKNRICYLQEIFSNEMAKVDDSFFHRLEEHPIFGNIVDEVAYHEKYPTIYHLRKKLVDSTDKADLRLIYLALAHMIKFRGHFLIEGDLNPDNSDVDKLFIQLVQTYNQLFEENPINASGVDAKAILSARLSKSRRLENLIAQLPGEKKNGLFGNLIALSLGLTPNFKSNFDLAEDAKLQLSKDTYDDDLDNLLAQIGDQYADLFLAAKNLSDAILLSDILRVTEITKAPLSASMIKRYDEHHQDLTLLKALVRQQLPEKYKEIFFDQSKNGYAGYIDGGASQEEFYKFIKPILEKMDGTEELLVKLNREDLLRKQRTFNGSIPHQIHLGELHAILRRQEDFYPFLKDNREKIEKILTFRLPNEKVLPKHSLLYEYFTVYNELTKVKYVTFLSGEQKKAIVDLLFKTNRKVTVKQLKEDYFKFNASLGTYHDLLKIIKDKDFLDNEENEDILEDIVLTLTLFEDREMIEERLKTYAHLFDDKVMKQLKRRRYTGWGRLSRKLINGIRDKGKTILDFLKSDGFANRNFMQLIHDDSLTFKEDIQKAQVDSLHEHIANLAGSPAIKKGILQTVKVVDELVKVMGRHKPENIVIEMAREKNSRERMKRIEEGIKELEHPVENTQLQNEKLYLYYLQNGRDMYVDQELDINRLSDVDHIVPQSFLKDDSIDNKVLTRNRGKSDNVPSEEVVKKMKNYWRQLLNAKLITQRKFDNLTKLSELDKAGFIKRQLVETRQITKHVAQILDSRMNTKYDENDKLIREVKVITLKSKLVSDFRKDFQFYKVREINNYHHAHDAYLNAVVGTALIKKYPKLESEFVYGDYKVYDVRKMIAKSYFFYSNIMNFFKTEITLANGEIRKRPLIETNGETGEIVWDKGRDFATVRKVLSMPQVNIVKKTEVQTPTVAYSVLVVAKVKELLGITIMERSSFEKNPIDFLEAKEVKKDLIIKLPKYSLFELENGRKRMLASAGELQKGNELALPSKYVNFLYLASHKQLFVEQHKHYLDEIIEQISEFSKRVILADANLDKVLSAYNKHRDKPIREQAENIIHLFTLTNLGAPAAFKYFDTTIDRKRYTSTKEVLDATLIHQSITGLYETRIDLS
5aoeB,5ly6B,HSMEQLKVKFGSAFEKTGNSLDIDFNSVHSGEKQIQIVNFKQIYYTVSVDAVKNPGDVFQDTVTVEDLKQRGISAERPLVYISSVAYGRQVYLKLETTSKSDEVEAAFEALIKGVKVAPQTEWKQILD,5aoe,B,5ly6,B,AHHHHHHSSGLVPRGSHMANKAVNDFILAMNYDKKKLLTHQGESIENRFIKEGNQLPDEFVVIERKKRSLSTNTSDISVTATNDSRLYPGALLVVDETLLENNPTLLAVDRAPMTYSIDLPGLASSDSFLQVEDPSNSSVRGAVNDLLAKWHQDYGQVNNVPARMQYEKITAHSMEQLKVKFGSAFEKTGNSLDIDFNSVHSGEKQIQIVNFKQIYYTVSVDAVKNPGDVFQDTVTVEDLKQRGISAERPLVYISSVAYGRQVYLKLETTSKSDEVEAAFEALIKGVKVAPQTEWKQILDNTEVKAVILGGDPSSGARVVTGKVDMVEDLIQEGSRFTADHPGLPISYTTSFLRDNVVATFQNSTDYVETKVTAYRNGDLLLDHSGAYVAQYYITWDELSYDHQGKEVLTPKAWDRNGQDLTAHFTTSIPLKGNVRNLSVKIRECTGLAWEWWRTVYEKTDLPLVRKRTISIWGTTLYPQVEDKVEND,MANKAVNDFILAMNYDKKKLLTHQGESIENRFIKEGNQLPDEFVVIERKKRSLSTNTSDISVTATNDSRLYPGALLVVDETLLENNPTLLAVDRAPMTYSIDLPGLASSDSFLQVEDPSNSSVRGAVNDLLAKWHQDYGQVNNVPARMQYEKITAHSMEQLKVKFGSDFEKAANSLDIDFNAVHSGEKQIQIVNFKQIYYTVSVDAVKNPGDVFQDTVTVEDLKQRGISAERPLVYISSVAYGRQVYLKLETTSKSDEVQAAFEAAILGVKVAPQTQWKQILDNTEVKAVILGGDPSSGARVVTGKVDMVEDLIQEGSRFTADHPGLPISYTTSFLRDNVVATFQNSTDYVETKVTAYRNGDLLLDHSGAYVAQYYITWDELSYDHQGKEVLTPKAWDRNGQDLTAHFTTSIPLKGNVRNLSVKIRECTGLAWEWWRTVYEKTDLPLVRKRTISIWGTTLYPQVEDKVEND
5b3zA,5bmyA,WEKRMSRSSGRVYYFNHITNASQWERPSG,5b3z,A,5bmy,A,MEKLPPGWEKRMSRSSGRVYYFNHITNASQWERPSGKIEEGKLVIWINGDKGYNGLAEVGKKFEKDTGIKVTVEHPDKLEEKFPQVAATGDGPDIIFWAHDRFGGYAQSGLLAEITPDKAFQDKLYPFTWDAVRYNGKLIAYPIAVEALSLIYNKDLLPNPPKTWEEIPALDKELKAKGKSALMFNLQEPYFTWPLIAADGGYAFKYENGKYDIKDVGVDNAGAKAGLTFLVDLIKNKHMNADTDYSIAEAAFNKGETAMTINGPWAWSNIDTSKVNYGVTVLPTFKGQPSKPFVGVLSAGINAASPNKELAKEFLENYLLTDEGLEAVNKDKPLGAVALKSYEEELAKDPRIAATMENAQKGEIMPNIPQMSAFWYAVRTAVINAASGRQTVDEALKDAQT,MEKLPPGWEKRMSRSSGRGSGMKIEEGKLVIWINGDKGYNGLAEVGKKFEKDTGIKVTVEHPDKLEEKFPQVAATGDGPDIIFWAHDRFGGYAQSGLLAEITPDKAFQDKLYPFTWDAVRYNGKLIAYPIAVEALSLIYNKDLLPNPPKTWEEIPALDKELKAKGKSALMFNLQEPYFTWPLIAADGGYAFKYENGKYDIKDVGVDNAGAKAGLTFLVDLIKNKHMNADTDYSIAEAAFNKGETAMTINGPWAWSNIDTSKVNYGVTVLPTFKGQPSKPFVGVLSAGINAASPNKELAKEFLENYLLTDEGLEAVNKDKPLGAVALKSYEEELAKDPRIAATMENAQKGEIMPNIPQMSAFWYAVRTAVINAASGRQTVDEALKDAQ
5c1vA,5c1vB,IFSAPNYLDVYNNKAAVLKYENNVMNIRQFN,5c1v,A,5c1v,B,PPSHRLTAKEVFDNDGKPRVDILKAHLMKEGRLEESVALRIITEGASILRQEKNLLDIDAPVTVCGDIHGQFFDLMKLFEVGGSPANTRYLFLGDYVDRGYFSIECVLYLWALKILYPKTLFLLRGNHECRHLTEYFTFKQECKIKYSERVYDACMDAFDCLPLAALMNQQFLCVHGGLSPEINTLDDIRKLDRFKEPPAYGPMCDILWSDPLEDFGNEKTQEHFTHNTVRGCSYFYSYPAVCEFLQHNNLLSILRAHEAQDAGYRMYRKSQTTGFPSLITIFSAPNYLDVYNNKAAVLKYENNVMNIRQFNCSPHP,FPPSHRLTAKEVFDNDGKPRVDILKAHLMKEGRLEESVALRIITEGASILRQEKNLLDIDAPVTVCGDIHGQFFDLMKLFEVGGSPANTRYLFLGDYVDRGYFSIECVLYLWALKILYPKTLFLLRGNHECRHLTEYFTFKQECKIKYSERVYDACMDAFDCLPLAALMNQQFLCVHGGLSPEINTLDDIRKLDRFKEPPAYGPMCDILWSDPLEDFGNEKTQEHFTHNTVRGCSYFYSYPAVCEFLQHNNLLSILRAHEMYRKSQTTGFPSLITIFSAPNYLDVYNNKAAVLKYENNVMNIRQFNCSPHP
5ec5P,3zxgB,KNVNSETRTVTATHSIGSTISTGDAFEIGSVEVSYSHSHQKSQVSMTQTEVYSS,5ec5,P,3zxg,B,YEQIEVDVVAVWKEGYVYENRGSTSVDQKITITKGMKNVNSETRTVTATHSIGSTISTGDAFEIGSVEVSYSHSHQKSQVSMTQTEVYSSKVIEHTITIPPTSKFTRWQLNADVGGAGIEYMYLIDEVTPIGGTQSIPQVITSRAKIIVGRQIILGKTEIRIKHAERKEYMTVVSRKSWPAATLGHSKLFKFVLYEDWGGFRIKTLNTMYSGYEYAYSSDQGGIYFDQGTDNPKQRWAINKSLPLRHGDVVTFMNKYFTRSGLCYDDGPATNVYCLDKREDKWILEVVG,AEGYEQIEVDVVAVWKEGYVYENRGSTSVDQKITITKGMKNVNSETRTVTATHSIGSTISTGDAFEIGSVEVSYSHSHEESQVSMTETEVYESKVIEHTITIPPTSKFTRWQLNADVGGADIEYMYLIDEVTPIGGTQSIPQVITSRAKIIVGRQIILGKTEIRIKHAERKEYMTVVSRKSWPAATLGHSKLFKFVLYEDWGGFRIKTLNTMYSGYEYAYSSDQGGIYFDQGTDNPKQRWAINKSLPLRHGDVVTFMNKYFTRSGLCYDDGPATNVYCLDKREDKWILEVVGL
5ejbC,1wp8C,ADNINKLKSSIESTNEAVVKLQETAEKTVYVLTALQDY,5ejb,C,1wp8,C,GILHYEKLSKIGLVKGITRKYKIKSNPLTKDIVIKMKPNVSNVSKCTGTVMENYKSRLTGILSPIKGAIELYNNNTHVVMAGIAIGIATAAQITAGVALYEAMKNADNINKLKSSIESTNEAVVKLQETAEKTVYVLTALQDYINTNLVPSIDQISCKQTELALDLALSKYLSDLLFVFGPNLQDPVSNSMTIQAISQAFGGNYETLLRTLGDFDDLLESDSITGQIVYVDLSSYYIIVRVYFPILTEIQQAYVQELLPVSFNNDNSEWISIVPNFVLIRNTLISNIEVKYCLITKKSVICNQDYATPMTASVRECLTGSTDKCPRELVVSSHVPRFALSGGVLFANCISVTCQCQTTGRAISQSGEQTLLMIDNTTCTTVVLGNIIISLGKYLGSINYNSESIAVGPPVYTDKVDISSQISSMNQSLQQSKDYIKEAQKILDNVEDKIEEILS,NINKLKSSIESTNEAVVKLQETAEKTVYVLTALQDSSQISSMNQSLQQSKDYIKEAQKILDTV
5f3kA,5f5rB,GSTSKHEFQAETKKLLDIVARSLYS,5f3k,A,5f5r,B,QGSTSKHEFQAETKKLLDIVARSLYSEKEVFIRELISNASDALEKLRHKLVSDGQALPEMEIHLQTNAEKGTITIQDTGIGMTQEELVSNLGTIARSGSKAFLDALQIIGQFGVGFYSAFMVADRVEVYSRSAAPGSLGYQWLSDGSGVFEIAEASGVRTGTKIIIHLKSDCKEFSSEARVRDVVTKYSNFVSFPLYLNGRRMNT,PLHSIISSTESVQGSTSKHEFQAETKKLLDIVARSLYSEKEVFIRELISNASDALEKLRHKLVSALPEMEIHLQTNAEKGTITIQDTGIGMTQEELVSNLGTIARSGSKAFLDALQNQAEASSKIIGQFGVGFYSAFMVADRVEVYSRSAAPGSLGYQWLSDGSGVFEIAEASGVRTGTKIIIHLKSDCKEFSSEARVRDVVTKYSNFVSFPLYLNGRRMNT
5fhcJ,1eboE,IEGLMHNQDGLICGLRQLANETTQALQLFLRATTELRTFSILNRKAIDFLLQRWGG,5fhc,J,1ebo,E,EAIVNAQPKCNPNLHYWTTQDEGAAIGLAWIPYFGPAAEGIYIEGLMHNQDGLICGLRQLANETTQALQLFLRATTELRTFSILNRKAIDFLLQRWGG,QIEDKIEEILSKIYHIENEIARIKKLIGEADGLIEGLRQLANETTQALQLFLRATTELRTFSILNRKAIDFLLQRWGGTCHILGPDCRIEPHDWTKNITDKIDQIIHDFVD
5fluE,2uy7D,APTIPQGQGKVTFNGTVVDAPCSISQKSAD,5flu,E,2uy7,D,APTIPQGQGKVTFNGTVVDAPCSISQKSADQSIDFGQLSKSFLEAGGVSKPMDLDIELVNCDITAFKGGNGAKKGTVKLAFTGPIVNGHSDELDTNGGTGTAIVVQGAGKNVVFDGSEGDANTLKDGENVLHYTAVVKKSSAVGAAVTEGAFSAVANFNLTYQ,QGKVTFNNTVVDAPCSISQKSADQSIDFGQLSKSFLEAGGVSKPMDLDIELVNCDITAFKGGAKKGTVKLAFTGPIVNGHSDELDTNGGTGTAIVVQGAGKNVVFDGSEGDANTLKDGENVLHYTAVVKKSSAVGAAVTEGAFSAVANFNLTYQ
5hmgA,3ztjE,QDLPGNDNSTATLCLGHHAVPNGTLVKTITDDQIEVTNATELVQSSSTGKICNNPHRILDGIDCTLIDALLGDPHCDVFQNETWDLFVERSKAFSN,5hmg,A,3ztj,E,QDLPGNDNSTATLCLGHHAVPNGTLVKTITDDQIEVTNATELVQSSSTGKICNNPHRILDGIDCTLIDALLGDPHCDVFQNETWDLFVERSKAFSNCYPYDVPDYASLRSLVASSGTLEFITEGFTWTGVTQNGGSNACKRGPGSGFFSRLNWLTKSGSTYPVLNVTMPNNDNFDKLYIWGIHHPSTNQEQTSLYVQASGRVTVSTRRSQQTIIPNIGSRPWVRGLSSRISIYWTIVKPGDVLVINSNGNLIAPRGYFKMRTGKSSIMRSDAPIDTCISECITPNGSIPNDKPFQNVNKITYGACPKYVKQNTLKLATGMRNVPEKQT,STATLCLGHHAVPNGTLVKTITDDQIEVTNATELVQSSSTGKICNNPHRILDGIDCTLIDALLGDPHCDVFQNETWDLFVERSKAFSNCYPYDVPDYASLRSLVASSGTLEFITEGFTWTGVTQNGGSNACKRGPGSGFFSRLNWLTKSGSTYPVLNVTMPNNDNFDKLYIWGIHHPSTNQEQTSLYVQASGRVTVSTRRSQQTIIPNIGSRPWVRGLSSRISIYWTIVKPGDVLVINSNGNLIAPRGYFKMRTGKSSIMRSDAPIDTCISECITPNGSIPNDKPFQNVNKITYGACPKYVKQNTLKLATGMRNVPEK
5i2mA,5i2sA,PLYMIGHGMLDSDLHLSSKAQVFEHPHIQDAASQLPDDES,5i2m,A,5i2s,A,KFTIVFPHNQKGNWKNVPSNYHYCPSSSDLNWHNDLIGTALQVKMPKSHKAIQADGWMCHASKWVTTCDFRWYGPKYITHSIRSFTPSVEQCKESIEQTKQGTWLNPGFPPQSCGYATVTDAEAVIVQVTPHHVLVDEYTGEWVDSQFINGKCSNYICPTVHNSTTWHSDYKVKGLCDSNLISMDITFFSEDGELSSLGKEGTGFRSNYFAYETGGKACKMQYCKHWGVRLPSGVWFEMADKDLFAAARFPECPEGSSISAPSQTSVDVSLIQDVERILDYSLCQETWSKIRAGLPISPVDLSYLAPKNPGTGPAFTIINGTLKYFETRYIRVDIAAPILSRMVGMISGTTTERELWDDWAPYEDVEIGPNGVLRTSSGYKFPLYMIGHGMLDSDLHLSSKAQVFEHPH,KFTIVFPHNQKGNWKNVPSNYHYCPSSSDLNWHNDLIGTALQVKMPKSHKAIQADGWMCHASKWVTTCDFRWYGPKYITHSIRSFTPSVEQCKESIEQTKQGTWLNPGFPPQSCGYATVTDAEAVIVQVTPHHVLVDEYTGEWVDSQFINGKCSNYICPTVHNSTTWHSDYKVKGLCDSNLISMDITFFSEDGELSSLGKEGTGFRSNYFAYETGGKACKMQYCKHWGVRLPSGVWFEMADKDLFAAARFPECPEGSSISAPSQTSVDVSLIQDVERILDYSLCQETWSKIRAGLPISPVDLSYLAPKNPGTGPAFTIINGTLKYFETRYIRVDIAAPILSRMVGMISGTTTERELWDDWAPYEDVEIGPNGVLRTSSGYKFPLYMIGHGMLDSDLHLSSKAQVFEHPHIQDA
5ineA,3mkoA,HLRDLMGVPYCNYSKFWYLEHAKTGETSVPKCWLVTNGSYLNETHFSD,5ine,A,3mko,A,NGPDIYKGVYQFKSVEFDMSHLNLTMPNACSANNSHHYISMGSSGLELTFTNDSILNHNFCNLTSAFNKKTFDHTLMSIVSSLHLSIRGNSNHKAVSCDFNNGITIQYNLSFSQCRTFRGRVLDMFRTAFGGKYMRSGWGWATTWCSQTSYQYLIIQNRTWENHCRYAGPFGMSRILFAQEKTKFLTTFTWTLSDSSGVENPGGYCLTKWMILAAELKCFGNTAVAKCNVNHDEEFCDMLRLIDYNKAALSKFKQDVESALHVFKTTVNSLISDQLLMRNHLRDLMGVPYCNYSKFWYLEHAKTGETSVPKCWLVTNGSYLNETHFSDQIEQEADNMITEMLRKDYIK,EEFSDMLRLIDYNKAALSKFKQDVESALHVFKTTVNSLISDQLLMRNHLRDLMGVPYCNYSKFWYLEHAPKCWLVTNGSYLNETHFSDQIEQEADNMITEMLR
5jzhA,5jztG,YDVTLRGDTATNWSKTNTYGLSEKVTTKNKFKWPLVGETELSIEIAANQSWASQNGGSTTTSLS,5jzh,A,5jzt,G,AEPVYPDQLRLFSLGQGVCGDKYRPVNREEAQSVKSNIVGMMGQWQISGLANGWVIMGPGYNGEIKPGTASNTWCYPTNPVTGEIPTLSALDIPDGDEVDVQWRLVHDSANFIKPTSYLAHYLGYAWVGGNHSQYVGEDMDVTRDGDGWVIRGNNDGGCDGYRCGDKTAIKVSNFAYNLDPDSFKHGDVTQSDRQLVKTVVGWAVNDSDTPQSGYDVTLRGDTATNWSKTNTYGLSEKVTTKNKFKWPLVGETELSIEIAANQSWASQNGGSTTTSLSQSVRPTVPARSKIPVKIELYKADISYPYEFKADVSYDLTLSGFLRWGGNAWYTHPDNRPNWNHTFVIGPYKDKASSIRYQWDKRYIPGEVKWWDWNWTIQQNGLSTMQNNLARVLRPVRAGITGDFSAESQFAGNIEIGAPVPLAA,EPVYPDQLRLFSLGQGVCGDKYRPVNREEAQSVKSNIVGMMGQWQISGLANGWVIMGPGYNGEIKPGTASNTWCYPTNPVTGEIPTLSALDIPDGDEVDVQWRLVHDSANFIKPTSYLAHYLGYAWVGGNHSQYVGEDMDVTRDGDGWVIRGNNDGGCDGYRCGDKTAIKVSNFAYNLDPDSFKHGDVTQSDRQLVKTVVGWAVNDSDTPQSGYDVTLRYDTATNWSKTNTYGLSEKVTTKNKFKWPLVGETELSIEIAANQSWASQNGGSTTTSLSQSVRPTVPARSKIPVKIELYKADISYPYEFKADVSYDLTLSGFLRWGGNAWYTHPDNRPNWNHTFVIGPYKDKASSIRYQWDKRYIPGEVKWWDWNWTIQQNGLSTMQNNLARVLRPVRAGITGDFSAESQFAGNIEIGAPVPLAA
5k5gA,2kb8A,QRLANFLVHSSNNFGAILSSTNVGSNTY,5k5g,A,2kb8,A,QRLANFLVHSSNNFGAILSST,KCNTATCATQRLANFLVHSSNNFGAILSSTNVGSNTY
5keqF,1dzlA,PGGTLEDTYRFVTSQAIACQKHTPPAPKEDPLKK,5keq,F,1dzl,A,EATVYLPPVPVSKVVSTDEYVARTNIYYHAGTSRLLAVGHPYFPIKKPNNNKILVPKVSGLQYRVFRIHLPDPNKFGFPDTSFYNPDTQRLVWACVGVEVGRGQPLGVGISGHPLLNKLDDTENASAYAANAGVDNRECISMDYKQTQLCLIGCKPPIGEHWGKGSPCTNVAVNPGDCPPLELINTVIQDGDMVDTGFGAMDFTTLQANKSEVPLDICTSICKYPDYIKMVSEPYGDSLFFYLRREQMFVRHLFNRAGAVGENVPDDLYIKGSGSTANLASSNYFPTPSGSMVTSDAQIFNKPYWLQRAQGHNNGICWGNQLFVTVVDTTRSTNMSLCAAISTSETTYKNTNFKEYLRHGEEYDLQFIFQLCKITLTADVMTYIHSMNSTILEDWNFGLQPPPGGTLEDTYRFVTSQAIACQKHTPPAPKEDPLKKYTFWEVNLKEKFSADLDQFPLGRKFLLQAGLKAKPKF,KVVSTDEYVARTNIYYHAGTSRLLAVGHPYFPIKKPNNNKILVPKVSGLQYRVFRIHLPDPNKFGFPDTSFYNPDTQRLVWACVGVEVGRGQPLGVGISGHPLLNKLDDTENASAYAANAGVDNRECISMDYKQTQLCLIGCKPPIGEHWGKGSPCTQVAVQPGDCPPLELINTVIQDGDMVDTGFGAMDFTTLQANKSEVPLDICTSICKYPDYIKMVSEPYGDSLFFYLRREQMFVRHLFNRAGTVGENVPDDLYIKGSGSTANLASSNYFPTPSGSMVTSDAQIFNKPYWLQRAQGHNNGICWGNQLFVTVVDTTRSTNMSLCAAISTSETTYKNTNFKEYLRHGEEYDLQFIFQLCKITLTADVMTYIHSMNSTILEDWNFGLQPPPGGTLEDTYRFVTSQAIACQKHTPPAPKEDPLKKYTFWEVNLKEKFSADLDQFPLGRKFLLQLGL
5l35D,5l35G,DAQTGLHASDQLVRTAWENAQIPTNFGG,5l35,D,5l35,G,PNNLDSNVSQIVLKKFLPGFMSDLVLAKTVDRQLLAGEINSSTGDSVSFKRPHQFSSLRTPTGDISGQNKNNLISGKATGRVGNYITVAVEYQQLEEAIKLNQLEEILAPVRQRIVTDLETELAHFMMNNGALSLGSPNTPITKWSDVAQTASFLKDLGVNEGENYAVMDPWSAQRLADAQTGLHASDQLVRTAWENAQIPTNFGGIRALMSNGLASRTQGAFGGTLTVKTQPTVTYNAVKDSYQFTVTLTGATASVTGFLKAGDQVKFTNTYWLQQQTKQALYNGATPISFTATVTADANSDSGGDVTVTLSGVPIYDTTNPQYNSVSRQVEAGDAVSVVGTASQTMKPNLFYNKFFCGLGSIPLPKLHSIDSAVATYEGFSIRVHKYADGDANVQKMRFDLLPAYVCFNPHMGGQFFGNP,PNNLDSNVSQIVLKKFLPGFMSDLVLAKTVDRQLLAGEINSSTGDSVSFKRPHQFSSLRTPTGDISGQNKNNLISGKATGRVGNYITVAVEYQQLEEAIKLNQLEEILAPVRQRIVTDLETELAHFMMNNGALSLGSPNTPITKWSDVAQTASFLKDLGVNEGENYAVMDPWSAQRLADAQTGLHASDQLVRTAWENAQIPTNFGGIRALMSNGLASRTQGAFGGTLTVKTQPTVTYNAVKDSYQFTVTLTGATASVTGFLKAGDQVKFTNTYWLQQQTKQALYNGATPISFTATVTADANSDSGGDVTVTLSGVPIYDTTNPQYNSVSRQVEAGDAVSVVGTASQTMKPNLFYNKFFCGLGSIPLPKLHSIDSAVATYEGFSIRVHKYADGDANVQKMRFDLLPAYVCFNPHMGGQFFGNP
7ahlE,4yhdG,DYYPRNSIDTKEYMSTLTYGFNGNVTGDDTGKIGGLIGANVSIGHTLKYVQPD,7ahl,E,4yhd,G,ADSDINIKTGTTDIGSNTTVKTGDLVTYDKENGMHKKVFYSFIDDKNHNKKLLVIRTKGTIAGQYRVYSEEGANKSGLAWPSAFKVQLQLPDNEVAQISDYYPRNSIDTKEYMSTLTYGFNGNVTGDDTGKIGGLIGANVSIGHTLKYVQPDFKTILESPTDKKVGWKVIFNNMVNQNWGPYDRDSWNPVYGNQLFMKTRNGSMKAADNFLDPNKASSLLSSGFSPDFATVITMDRKASKQQTNIDVIYERVRDDYQLHWTSTNWKGTNTKDKWTDRSSERYKIDWEKEEMTN,INIKTGTTDIGSNTTVKTGDLVTYDKENGMAKKVFYSFIDDKNHNKKLLVIRTKGTIAGQYRVYSEEGANKSGLAWPSAFKVQLQLPDNEVAQISDYYPRNSIDTKEYMSTLTYGFNGNVTGDDTANVSIGHTLKYVQPDFKTILESPTDKKVGWKVIFNNMVNQNWGPYDRDSWNPVYGNQLFMKTRNGSMKAAENFLDPNKASSLLSSGFSPDFATVITMDRKASKQQTNIDVIYERVRDDYQLHWTSTNWKGTNTKDKWTDRSSERYKIDWEKEEMTN
2KXOA,3RJ9C,VARDRLQIIIAQERAQEGQT,2KXO,A,3RJ9,C,MSLIELLFGRKQKTATVARDRLQIIIAQERAQEGQTPDYLPTLRKALMEVLSKYVNVSLDNIRISQEKQDGMDVLELNITLPEQKKVLE,MDLTNKNVIFVAALGGIGLDTSRELVKRNLKNFVILDRVENPTALAELKAINPKVNITFHTYDVTVPVAESKKLLKKIFDQLKTVDILINGAGILDDHQIERTIAINFTGLVNVTTAILDFWDKRKGGPGGIIANICSVTGFNAIHQVPVYSASKAAVVSFTNSLAKLAPITGVTAYSINPGITRTPLVHTFNSWLDVEPRVAELLLSHPTQTSEQCGQNFVKAIEANKNGAIWKLDLGTLEAIEWTKHWDSHI
6Z4UA,7KDTB,KTLNSLEDKAFQLTPIAVQMTK,6Z4U,A,7KDT,B,MDPKISEMHPALRLVDPQIQLAVTRPKVYPIILRLGSPLSLNMARKTLNSLEDKAFQLTPIAVQMTKLATTEELPDEFVVVTVK,PKVYPIILRLGSPLSLNMARKTLNSLEDKAFQLTPIAV
